rank,item_sha256,prompt_sha256,data_source,source_index,source_split,first_position,count
0,c167f3cc4d11d628abdaa27616a0c81fe3631236abe22f94f493a2970a6f5bbe,363b206bac5fe1d9898cf1c64a8e126cb8f7ae5f2d8e72ab51786c010a86ae8f,DAPO-Math-17k,16699,train,0,67
1,a56c3f88974af5880b6e150174d35c81cbf51f7bb91622f19dbe6e28dd1537de,678fe005fcf6c18e22affdd3efdaccc33c3772a8f07621f17fa4ab05933926fd,DAPO-Math-17k,8873,train,1,67
2,9f679339d3899c8929b4d856fca1e217a8289ff8f0b44e74b69e176ea4bfd437,103f05e1d361663d42cb385b2afe9a5cd7a75ddfcff4d0efd49941df1c0f751b,DAPO-Math-17k,2785,train,2,67
3,558142149616ad5d19bca9317d64a766458aadc35710fef5f0b5fcb651f9002c,86f4880df4358e10b096cb4f5bf52ec40e5670fbe2b0db20fd00e732caf5d0cb,DAPO-Math-17k,2109,train,3,66
4,244694e1f5438ddb3c2014a36de626d0482ef3088aec8a16de25b507da3abf8b,b53fc6f8dfb97d5356061b102fc08a27e9583d558b9a78877cf4cd17a6a9f359,DAPO-Math-17k,11624,train,4,66
5,27c3d4aacb45e5d7be5ad29b2e277ff1bb8c69aa1717151db8fc712cdbb70606,c3ddfa0420a4f9589a624f938f84142dae746a90f33f54b9f69e8910ed878618,DAPO-Math-17k,3113,train,5,67
6,9e05c8993e6c6baa152c682756fd55608b18bc73614e9a705a53f9af0c1495a4,7f7e5762b7321de377fa32318d71dbf57e68ca51d207b5d49e2f2ebbfc1a00cb,DAPO-Math-17k,9867,train,6,67
7,58bbdb53ff0bb45f7ae494bfda709f15205bcbbf736b73217a11fa7cf424084e,0b31ea25407355aacfbd85818d7eec36e4208237eaf78c3953017b1abb041327,DAPO-Math-17k,16630,train,7,67
8,12dff2faa9f2bfeba67eaf338e0a282755d705ba2dc86bd369ba7125eab1be86,5df8521ebc691486d6d6a2c6953332b66e6d23ed833ecaec87586fe1bb9a83df,DAPO-Math-17k,776,train,8,66
9,5b360282d41f15bd55343994dfe54d4bab13ce9e4c0cab55af29af10158491a7,494f4c32bef68bed5857961efb3ec5669a27ffb3fe5ed0feb369749e00c63136,DAPO-Math-17k,9763,train,9,66
10,84c7756dc8689f5f9a5f8350c8299f6c13b4b8c0d9c124f128dddc37e62d60cc,0ee9be1dcf7bf8c594ed68e6e8c5aefd0483f1febe0efc77b717b9a1375c163b,DAPO-Math-17k,12573,train,10,67
11,f7c78c437e951a5091220e52bf634c8435afed7cf3fb7653f5b97d41bb9e95c1,5c4200f7a85a52cf57ef1c6b32136a9b524944b72cf7b66f8ac55875821b565a,DAPO-Math-17k,5854,train,11,66
12,b337b3e08074d0f923a22e49dfddf515cd27f18be9ce474df1e9705597a860b9,b597a39ff328fe392d6d53faa0140d8a1f8037b8c7d3b008fafaf948d9b3b3c3,DAPO-Math-17k,5696,train,12,66
13,6e88b14b030f6cfcf2533b6c9e7d697bca39035fcd09aafe1cd39f8aab8a09bc,4c57ee8b1be771997abb0a6448159b3ad7a30f25cbe14841a7a10d5b9bc33cdd,DAPO-Math-17k,16671,train,13,67
14,256bf631d0553fec7c7b0ac4a46fd70ea8f41d48bb31cde3a405eb2511ecffe2,5298ee392d00b8d021662b813db70154d9f3c51cd746e93a7e2085a425a20e6f,DAPO-Math-17k,16792,train,14,67
15,c693586687c7fd989eeec5ba6b0163fe1bebab7914ca059d9f83fb4a7c5fb5ff,0d1e930650cab9b79bd0a439fd76e79bbb94f99ae05b8d0d8b0129f6685f4258,DAPO-Math-17k,9550,train,15,67
16,58f802fefa78465fc98e219ad3f923d9f837d4924b2164cf2c98adf058d512fc,5dcf05f947dce95550eedc33f36081fd35e0d272120ed2c49e5b961acb707545,DAPO-Math-17k,6431,train,16,67
17,1ba009489321113b9d3bef7cc7a9e2252c69d74073da22b4121b8dd7cbb9367c,7349add71dc03b134ea29415dc54e3e459ab1205f93cd60fb48c97e504401c28,DAPO-Math-17k,6915,train,17,67
18,9f250a5c0baee1fb24ab27f2891fdeab09fd2c11471723d1be887643adaef8df,e5438935aa52f87021294a9a0215fe3e34059556f727c5bc9c00c8af1df228f6,DAPO-Math-17k,11440,train,18,66
19,fa940562aaccf0c6f6b3ebce916fe087ac9e36359f10491ba99cd1990d222a8e,48d6d62ed664592ddbaa0a30a4d2e51810b6e5ab3e2ee35eac38409f6858e60c,DAPO-Math-17k,5225,train,19,66
20,eaaa6bf9be7baab2b3de0b3912a1446db24e10049a3997b1688254302ec4c620,b2502d5209efe72b6eb6aec7a2c97da0eeeeb4f0bb97e4945a09fe1ccba96425,DAPO-Math-17k,6688,train,20,67
21,319caa6e8e845f62866f1a0ca262743a129bf05f44112bec017d5f466f29b000,d664c649e33fa891c855b634b011c3676f9b794ecdf0d68fdc72bde9bbb20675,DAPO-Math-17k,4812,train,21,66
22,675971aae1c53bb66d89f2137f3f8f82514476631adbe9d6bf8eec439f96f473,46a8f295f5344fbd32dec0f3bd98ef5f11bd0301bb449809b7fba88fa1fb2abc,DAPO-Math-17k,6852,train,22,67
23,45c49fb89281f3ed68d0978f6e937caec29649b1ebacf699846ae63a1a499e5e,63fea4d879059147c8411c4a42a54cd94eacf0868036dff587d59cc9b0cfd065,DAPO-Math-17k,7100,train,23,67
24,59fd2f89a68fe03595fa884c613dcacd21811db0646a2c3baca3dceb924c0480,168845897368e9bbbb2c64e3a6cc95e7405bf2ea639898f971e70ebe38249adc,DAPO-Math-17k,16334,train,24,67
25,ab404343994a625a426700cfd3805817334f0aa1d272bf231714bd3abc4b3720,55a5cb686c301beeb746f46d6dfd25f24029810a6b9bcbfe1587450883013149,DAPO-Math-17k,6151,train,25,67
26,d80a3ccca9618be1fc28cc015f0ce8bdfb7b85a37e3618e94511f4422b469ea0,1e13b6da69011ed8e43f0bf02641e41b1b968cc989c0219dc40f8545273c6e63,DAPO-Math-17k,1907,train,26,66
27,7438b8567f16ef303e44188eb5f22825dae5ca6ec74e4a1354dd9965c261642a,0a97c44a05854f3e3a9c24783527d673cc3fb4b7c95a251adaa5ce475df7b457,DAPO-Math-17k,1753,train,27,66
28,adf3d49e5ba4487a29b4ec1e8da411cd860e1d63a20954249ca6e2a8fc73dba5,41bb9bee97179e0534ce1f5a11dd3195f735961d1dd2af7ac2da1dcdc7e81a71,DAPO-Math-17k,16356,train,28,67
29,e3666d70eccc51932a44d262311c03c99fd03b87875510fc2f4cb5b6e79e0b22,cf86187d80719ea9fa45a33882437adb0036a364cda318496b9522dfe08f35bf,DAPO-Math-17k,11716,train,29,67
30,10930b719acb53ac2717d07b954e8a61ba77d9a1c2788c4ea1a9e2d9d73e3363,7b068e0e0e7c7ad25883d85388d2f2cc112c0519f8654fb4d2c1efdda79d161b,DAPO-Math-17k,659,train,30,66
31,7ff1a819a8929397c9c124f7016a77aee8e57a5ed846f0c1996a2683348cefef,4b69e37a11ed711ec683b18e72c2b53c11ade13005beafa4b65f2a52e47e7302,DAPO-Math-17k,15545,train,31,67
32,8bffd09a024f245b65c4c3df92b8bb2a0061f20d29c349f530d6befff0401027,35b6ce3a3b2eb8fcf0e407094cb993daf008ffb408eff3667a01825fd19f1120,DAPO-Math-17k,10598,train,32,66
33,c9d61ea1ee8c8fa32a0034d18eedc4af2b66ddd1849e7c41bcb94e9133993485,3bbc1848eae3e7ac271fb287af3794c1f09c58b41e6604aff32cebc925f89434,DAPO-Math-17k,16629,train,33,66
34,43ddf97de9733c57b8526a1d03b4a67dda5c54d33c8be97d03ad873a132f3afe,0b10f97a787e96e302dbbed39dddfa259d0e8d1c2e60fd0109b8eb1dc4644c63,DAPO-Math-17k,10603,train,34,67
35,946982c631f19d150cc90095ce7f1dc3172d09f8331aaac0ca201ea24479f482,e37a9cfe820d3b1b9d2903636d62f5be61b48b7692c9e992a07e906d124317e3,DAPO-Math-17k,2363,train,35,67
36,6c15d5764d248c37d027c9b3c6bf7c7d87efaea35ba5edf7b79122521f418099,dc8a2ff9ed27454d5f22e2418ac1b34d874a21947c3803d2cfd985ed7985cb93,DAPO-Math-17k,2792,train,36,66
37,5cc3488498309853774e51169cd3b4291eeb8ff06af1f52b5e14e1740d45b57e,8418dade909074d8bdbaecf3764ebcffe06f43702fbe8ca311a859f0ab97d9c8,DAPO-Math-17k,15155,train,37,67
38,934c94a488648ec185b22b606b89f610adaaae895dacdcc412a2f99f9e76975b,dfa3014e7857b479060d9694b36c486a6c7a60eed27bef516ea1345d4df86723,DAPO-Math-17k,14310,train,38,66
39,8dc1f2ad207a926a6f4539571947bd97496be3757c58f9dafe7c3876d50005d0,6f86913d637eb66d995abca932075c2f9ecc2a533cb27c92db91a29062cc51dc,DAPO-Math-17k,4713,train,39,66
40,56a5a9969ccc5a434b97ef10b0e28de9db5b7369c8c86382854845c48979ef7e,edc6acbd29173c457103587461e08b40c63515d4d5e58d145d05ca449b6083b3,DAPO-Math-17k,6689,train,40,66
41,8773ef66e661601e516da8be2aa9f337983ddd67e2a13992d4b7db0273188ceb,4b5dd8978c7091f2549f0a5297f65dc6547cf3bb06cc0bd1e4de0aa8ba9e7052,DAPO-Math-17k,12251,train,41,67
42,130d40c755f2c433f36786a600088e5815df375a8100bef3fe7fd9670c78bb70,9a53a96040fdd5c0b061d46a1cb5811c2fd220ddebb2a874cb4195099967ef83,DAPO-Math-17k,8657,train,42,67
43,587a441af3ec98f58c6ce0223360bfe4a92b6674101a005c531a237f57df3043,b4c8e303921b0998c55a736e896625e26876fbb3612ba53a1ab3e7c7ed55c784,DAPO-Math-17k,15908,train,43,67
44,025fec5c505c09c7410611c282da646879b59a22fd4eb3b336abd3ffaa2c5681,bb80be8f5e36af556eefdef731230c4a23bb5e9b0626027ef1acad7653336b13,DAPO-Math-17k,8620,train,44,67
45,23b8b70624ae46d0b08e75d5c5e5c0a2dcad43ef2661e1c2b99ee3b0d5d7c8ff,aadfe5088ca77b9cce844ca9c15a0b3072530548d5299eb2197625b5bca6a169,DAPO-Math-17k,12707,train,45,67
46,92e89844d0e8ffc8df58fc91872c5aae885322efc34716c16ae7cb2abc646773,5e8f9877b5360379fcb468e58d62d565c0e136d4de64c4019f6dd35c71c73b95,DAPO-Math-17k,3567,train,46,66
47,3197636b8e30e5318f1d50fcc77486d61322e38016924a7250f4544f54f6d9ba,20a256a65401b737ab3162f0ca154da8a85980a97b143d37a092f8bb2bd5a1ec,DAPO-Math-17k,9709,train,47,67
48,615d1a536ef522e634da9f95401a16a73cf2240a8f99da67173636d01272d6a7,0ecd5cd504960233542839fad469d7d129f50f33001e0e38e3119a5246e8a623,DAPO-Math-17k,6788,train,48,66
49,67033c2aa9776b9fdadefa481bd38977242a9009ef38f470db95f3f78c1ebc68,6283eaa07743d794c8e4cef1477fdddaf51be626e6c3c64c66c497a9b02561b4,DAPO-Math-17k,16106,train,49,66
50,4bc301e99d31a0a1e0b0575f87eeadd42ac20242237dc4daf9de4e4cb9ec6688,a8a1754bb483cc02d2ae34933e8b48f919d4f2e237411fc779f1e3ecef0fadad,DAPO-Math-17k,13776,train,50,67
51,14d9a8c6669aefd5c18034f794473d2c74b371a969e0e71188ba19e76a63383f,04e911055de2a137fb4221d4f4416eeddeb741af59217d7f340beb6db3c9f0ee,DAPO-Math-17k,13512,train,51,67
52,94bd6341b89e4dec1690129e1d1d95b374cf0fc76c21b73f1513a6f0b47c91db,b8b5e5a63d4ec8ff82aeed03f6416fc2be938342bdf7632abd06290b1ea7a4ef,DAPO-Math-17k,268,train,52,67
53,d5e6bde4cce770381cf7a5c9a10457a05f22fede3e15af9a8c4dac882a4a06f8,6287ccd40a022ee667d677ac9c4e8f7328dd0aed21ac5151dc087698e0a3f273,DAPO-Math-17k,5361,train,53,67
54,be2aa4bff3df45f4507c3eead9767927721d41f387b5bf79b1f916917f6a5377,aeea6ef5b2cc6556f3fa602f9622dfafdf22bc0e907e782750823dc68efa9abd,DAPO-Math-17k,7215,train,54,67
55,503fc19940140154f70fadf2e65add64a00b7c37a119e7f4340fee465f057b4b,cb4592b28c26361e39fdbdbb68ec4d711fec18eafaffe184d8d767af97fcf717,DAPO-Math-17k,12869,train,55,67
56,512530544f0c34f66a450a1ad44d765f88910fdd29d811ee04b6eb1f3806241b,fa8e8b1e55145615ee24c527e964af5c74d5a556a426bfbc83c578157d488143,DAPO-Math-17k,7703,train,56,67
57,ffd2d3e822491414497b25f36ef0532f2df45175dadc334cfe056ac59c98d264,7189aa62fd8d52214d4dc54c74db2143279e2b581a2db52365314b641634fd96,DAPO-Math-17k,9262,train,57,67
58,69c674902a20916abf155fea484ced3eae42e0160346de09580a72893b804eea,06fe82f8cd5a757a4af6f73fe19e3f109a4b15b20a772fcfc9ef3569b7ef17d5,DAPO-Math-17k,1273,train,58,66
59,a59154d41d0224852195bd1c6cff66f35a315b168ebd67dc808b42ec5cdaa2b2,82c1184568c22e3eb3276c3c360f2b7be255d11cc0f382e1d0cf785237ba836f,DAPO-Math-17k,10458,train,59,66
60,08945bb6614a760ec6ef6f6626e4664bc3e69243059bca406d5b4a8fddff0a19,45b00119df6c933b5b74ac6c8864eecda7ab0291bbcb089f617c00ec1c4b626f,DAPO-Math-17k,3678,train,60,66
61,fa7709e14f4903707b37fbbf6c98b278a99db69c0961c06cd57d6910f62ec0ed,7775aa956c3009281c8a73e1cc39104b2270b572705a18cb4752a74cf9d3fc41,DAPO-Math-17k,2025,train,61,67
62,2ce4a003f38889a510d4192856a2b1116dcf069d9ffb272b174ecf266801d1c7,e7932148d3cf375e87e8f8aabdc12aa2937cdef4a9c2f528d4825cfc3059b92c,DAPO-Math-17k,8534,train,62,67
63,12284d0e8c016e28bffffa224475ed2de72787876feb48319f3b578ac96533fd,b40ce84528082e371b4f19fc5ece70cb5c975e2794a4b8de774234e24099119c,DAPO-Math-17k,15280,train,63,66
64,5a513e9eca4ce5f4133023b34739a2e57d6d87e91029248344a8ca7ab9ff4eec,7c13493689b65c4a27cb986b02fea2e983a7afc58d20b0f0f73f76897e8201e8,DAPO-Math-17k,13137,train,64,67
65,b72ff4949ec62b4724c916385b2a93bcd4906560737fc1bb2c1031a20c716b3a,f1b9943f004e059034364cf01385d25bd29b10c63eccb388cc13021d5dfdf01a,DAPO-Math-17k,15013,train,65,67
66,9fa6d246f7bcf5cdda6f7dd1f9d4a7dd9beba9c893005a1b7d47cc69c03e30a1,f866998d089344a47703fbdf13561372333c8a24c4ce4f7643b9f82516fa7057,DAPO-Math-17k,157,train,66,66
67,ff247fb0ca07f256a8341172b61411756e454a344819e72054372996608458d3,5c07fc697cfd6eff0f4d2332dae7d65b2b7f09cf64c26ca49690a81542536c92,DAPO-Math-17k,12774,train,67,66
68,b6fa56da4218086ec28ce74b76af6c27c36856b83d54d179c9c5a8bafe6d6702,71dc8001cd27f0da48f1579c8a6d1fd3a82bc014f0a5f820b5d863d28a87ecfb,DAPO-Math-17k,11132,train,68,67
69,cf55f014d82f302acf157303a0dadd8966abc77736327dcff9a4c2990e15fa96,c4fd2d39d19bf06af8b410801730c43aa1a605f9b674d743cc096424d47dd39a,DAPO-Math-17k,16077,train,69,67
70,b23afd64a83af26e7fb7ac0b1d12cc3b899c96fe036f7549199fd706f1942fe0,92bb3ef909e5d54a80f5c177056988c1491f5e6e97e18ffc63fccf6d0b883689,DAPO-Math-17k,3925,train,70,67
71,2984d8d7aa9d731382f02bb6b827085ec8ba11d09a4e90d22bb05b97f6ad912d,78ef7f1184387ac7a983910435d0d2568b171cddff7a69e054fd81fadfb03442,DAPO-Math-17k,3063,train,71,67
72,d124a574c1c26f038d9cd3080d009cea21103456d48e36be8e88dd14c24775da,3b604fd8b99a6cd74804fbabf7889fa2ff8f6d7dd2746967e0d86108dbcf5895,DAPO-Math-17k,807,train,72,66
73,37f51ee6b30d6d883a133211d29ac4a779e03dcd876f01b1c16c609a9c6702e9,3d02fe30af23a39150e6c7b8ae2a1520565e1259b234992337aeeadab1485a13,DAPO-Math-17k,11530,train,73,67
74,e0f38145b772a587afb245fa229ee48324f08e05cd2b698ea116eb75a40a3015,cafb4e09e4e376556d2c5686827466e70b553d47d1428674ee75518b0eec48d4,DAPO-Math-17k,14990,train,74,67
75,4c7f754558dc2e0f6a16504513904392bdeb5c9c197c1725ab676b28131122bb,fd6332c027a3c08e4d3a59d018ba0c33d8d98a6ee47fa37e5430c0c86f8658f5,DAPO-Math-17k,6653,train,75,67
76,84963cdf3c5d870c0df0d6143577bf7e3a1f787167997555a214517dcc95e515,e995dfc86474384aa5a31c46ac5ebc0bdd9b2da34b0a550dc220b17e7d661f68,DAPO-Math-17k,4341,train,76,67
77,9a1ffad88268fd69f7008afd3874a91cfc7e6bd836c1e64b39de5f117a6c023f,c11d3d4a0a6f52cd5ee578fcd24b0a6d864c14c7e3a4debd13d0c41ae7dd9e0d,DAPO-Math-17k,6302,train,77,67
78,0837db37be60910a0f83efc5af08b5b665c48f4171ed2336d7734542dd2dd342,843b4bc12d88095479adff62c9726282ed99f8a53c53a7ee636058e350a1a1c4,DAPO-Math-17k,16233,train,78,66
79,49a825757940235e324bfeb16999f72365897213b04a97f8471bace438161f9e,d490da9c73c177ccbb55e28d11f247e143ece05e366d6c2d24eaa179c3e21ee0,DAPO-Math-17k,10565,train,79,67
80,a73ce0ed8cfef129ce6c14ede079330e1ebd61fc188ceeeff88a17743d92af15,7d05ca616ab02bdac42481d94a6a8ce3dc8ce33c72bdf4985ca9c414be59ed84,DAPO-Math-17k,134,train,80,67
81,0260e05502b463e7989aacac6d3e46ec324ee51849d61acf014428aa1fd73ac8,3f519afcb2970bd96b29231e0fac45c82bad3d8af6b6818ad90aa83e0bc3203a,DAPO-Math-17k,3004,train,81,67
82,e0c98a5c93e7890f56ad4fbf134e99034700b958896139ce9d2a0f093d830c57,0507e5611f0218c04dab0d331eb3dd4f293ad7369fec386bf5ea223d283ffa78,DAPO-Math-17k,10689,train,82,67
83,ce88b2eb151989c25ba080787ded816ce26f7567ed3b41ee76b413c4ff1c12ff,7e007dd1354017316d59a04cfa71b7eb97c19de87d022eeab0d9a17396d0f432,DAPO-Math-17k,15237,train,83,67
84,b215bfa27a13b04fbd49bcdcd6d7a7bba69b421a6f79746d357a18d6d714320e,3a23e3d08c5f9604b1090d132c0f628a3ce5b85b63e211a51854cadf822c1ddc,DAPO-Math-17k,7691,train,84,67
85,4d4d22eb416e0e49dab25c5b0237510b7355bd77621c96708b8dea0ec9c2d029,9e402719f93895bb6f6d6a87b22710020353ab74f1ee87ef6cd9965b54639d76,DAPO-Math-17k,4089,train,85,67
86,a3bc8b691cfa3940b9916e7b667413c700710982a116338914b0c012f6df9c63,947b3f02ae4ddd19c9aac849b92cf33278ac19c635d8a7fd29666e0ff953e84b,DAPO-Math-17k,2679,train,86,66
87,13f6963dbeefbb76676cc3e2e32aa15bf4c43cb67c9720aa93143ed65994a46f,9d96af5eb3494f1f2c7488f9fbbf7f8595968925fec353383e372a4ef74a9c15,DAPO-Math-17k,15405,train,87,66
88,3fc89e198737dfcf74e05d90b52b8566b730b716c7f037469283e5325588f5f9,8a9beddb8b80e90462ab975d89d2dd1b8b2ea9f02e4ba870cf86cd16ef147dd8,DAPO-Math-17k,15988,train,88,67
89,fff8b31a5c6fa10d16aa9d8704246d888d88f34cdf3e496bd3f44e212cf78dd8,e77954e28fb8f81993332c251dcf93f64bcb6aabae26c4141a7a2d87a421047f,DAPO-Math-17k,16434,train,89,66
90,1f9311f3f794ee64286414006e847e630d1b76f11348fe9fbea166703fed3c38,317a7f4c097da13867db991a5b5d20e5e08992ccafeca35e1fd5a8340cebc3d5,DAPO-Math-17k,12149,train,90,67
91,d4f0e7c9b855fb1e228830b6ee8f24169712c472f65a55aa05b0cda7fe958e6a,7e1f55d0a7786798669d53c4a5d3c5e91c86466ac3576a7208ed4c4e96855973,DAPO-Math-17k,16167,train,91,67
92,58b903758f8bd1ace31483dcc3dbb4dd7f90830fb5b26e2aa3d7d3d2e0de4318,44b2e06cba9c24aef28e5ae053eee4952ea57a1c58fbf9a3994b795c8529d0eb,DAPO-Math-17k,13208,train,92,67
93,afd45f8959e23c3cdb867c01ffb81c0c8d4962e1163f2530d5b50ac72bc8844f,c4d47f86b003ab7529a49db19e8d5f8f93cf97d0b34f6ca89e1f559e0c8c073d,DAPO-Math-17k,5533,train,93,66
94,97149d1e4edb2b5394f6430626145595d4aa21e092a4776b99d96d869c7cfd0b,75204857bfc481d112207bccb0ea0deab585a423652cf679d5eb244ccf939236,DAPO-Math-17k,11369,train,94,67
95,75a9f90fa24752cfd8143c96a476ecfb4e387cb54f4f56eb9542ae092c275c78,911bf329ef8221ceb574a82c20d48665897932a22b3696ac69e171fae2a3c998,DAPO-Math-17k,7303,train,95,67
96,943204a505926e098c0572f7986af4dc8ee9414c8810d3f6291691395527fb49,e6345441c50f196a1ebe23dd053745cf61fc14e77626fe3c9e0433690979b318,DAPO-Math-17k,13221,train,96,66
97,4a410150d3baa3a0552f33f8811da2960cb8a435d7a248e08d273e162ab344dd,205bc7fc7f97c406287efec858d3c57f4c64c0f86f7bbfbf90b821b697deb8d4,DAPO-Math-17k,11695,train,97,67
98,a106918717d5da336581e171937e0b23f8d3f7eaab9951a3702729b12996cb84,c8daa3b7668fc270ac841d6b5860f5f0b75d66c9780348a385c113e861b6e725,DAPO-Math-17k,13102,train,98,67
99,07dae54dea8cd33150af96f350c80203a6e2d7f19b184bfcbf47f5e45b19f7db,bce4a88f0156938a18adaef0b8ed75e9e65cb64510dc642a96b11d668aa5889e,DAPO-Math-17k,5382,train,99,67
100,34cea83eed5868214a8070124364a647fffff77eff842cc938da30fa865b6f26,d179ed40d9162fdfca1ce93526965a33f8000b47fdcb97a2c4696fe28ed602c4,DAPO-Math-17k,5969,train,100,66
101,181f12e26ea64ab4ee912f4ce6d6ca7adbbcf6f31e282559dfb39b69df6ca55d,debb716aff047987596bcdef11ec0006bfc6c86dac031f831264ec1a1d8bd853,DAPO-Math-17k,15298,train,101,67
102,6ed8943ec899cb76b9c6c063f306c5adb5205ac09cff0a7b09fe59becab9b679,a3c6845d232250a4dc8b3ac21f00fe2d4cbec8e19acfe6a62030eee2941dfed8,DAPO-Math-17k,16828,train,102,66
103,1cbab9b42ba00ad95f7017ba0aa353f902bac9a0916feb147ebe7c2c8712fe54,90be3df71c3575b7b57d8406611aa993b086504c6be96bf942237d57114e9d4a,DAPO-Math-17k,11302,train,103,67
104,7338221353e6c7e232385809e2946613daedb1939fbeda85d7293ec572d1bc0c,5a30ea6030f7eac5cef2b58ab30511363a222ee99e5775f4b1057b55ae538ba7,DAPO-Math-17k,13383,train,104,66
105,2f2130b4ca80e11998c137d2e8f58a8727fa1e131d1e4f72ff4efd1f35e79618,d3c04f4e2ca66b76857014858cc5b90d4b4f0be646446de164423d90d6c79641,DAPO-Math-17k,9784,train,105,67
106,a73a58653735597e5130af28b359760b09ef30849c5284f02f724cc248eef497,0dd32b96f1c29f558101d9be2ea90608bc74816c40516afecb2e825a4d47b253,DAPO-Math-17k,4497,train,106,66
107,a4a2fc2f4f97b57a6eb10f7a4fe689049cf69f5b23f9cc9a3a2d2ced6ecbef8f,9f556191a0512c578373f47e1bc1f735cb92d98cb8e26447e8e6692635420f4a,DAPO-Math-17k,15904,train,107,67
108,cfc82389ef07701bef20fb0c179ef39c236f4ed5c0c53baa187d1881b587979e,5240fd7d065829a9edec4a9c9c7f09d787ebb43edf2025da430df4d5c7fc2572,DAPO-Math-17k,1421,train,108,67
109,37c03b25fb738929b9027d9b9d4f1aefafa9fc9908fc8a232d36aad5e6fece90,1f4afee740630d5c16d2ae38a6630ec4574543dafac7766a8b7cf1e14a8049b4,DAPO-Math-17k,9306,train,109,67
110,730b75c8c2e78067f624b81da33dc83c1591188c8b855c213a6ffcc74d4ab192,815b30f3fd826cbe99bc5ee5935ec4769896948019e8d3ffbcc186f87b7abe3d,DAPO-Math-17k,2762,train,110,67
111,5759af1463410352b45d5c87c5cb34917b38a9e4cbd7c901d10bc5dfba8cd2ce,d19900d430a0e95b531d3b680c7c88f294d289014d29eb31cbbd41c36c905c00,DAPO-Math-17k,11537,train,111,67
112,80a4a63d0ca451fa919b4805e0f7c6b73b1b6e958aa504965f2a886ba203fb64,549ec54435cb19e5e83666646b0a84811fcdbf583f7607bee2bb4bd23c94f2bc,DAPO-Math-17k,6782,train,112,67
113,c5ec75d4f9083c340a1ca99abbd7c68331d7f2bec14efc1e3264cb864a00ce8d,0833bf1f902a8a0611e2e5cdf9dad2613ac70a74214f3677edc19525af4e9406,DAPO-Math-17k,13856,train,113,67
114,27f213f2e877bd1ae13f615ded4f2f4acc304320fcb7fb636b3f557de17171ca,af7566a669c8a6f2bcf439a269e16d0a5edc8297b09e0941be633e592b7a31ec,DAPO-Math-17k,10719,train,114,67
115,e8ef812c7488b923a93cb8012e364711eff898d7d3781772f6619b861ef4c8cd,9f62462f74a73dc905939b567448134d8f8ff3c96ec988ff49daa87484943550,DAPO-Math-17k,13143,train,115,67
116,2725902d40a5a8d5db4797b934b33f8c95dd9e39104bd665cf45615b07089dd0,5aab44cb5470a87d55ba534ff06fc6e0bdabe76b3d6a89431e7b58e90b446d75,DAPO-Math-17k,15696,train,116,66
117,66860e15d0ce298a278933051ba66686cbcdadd26861c0cee816cfa19ca3ee8b,2e64b6039fe7406962025066450326951043c6d33af9187d4296a7a9d143cf52,DAPO-Math-17k,8145,train,117,67
118,88ac55de97c3bdd552817c9792b29123757c0c7392165d00f6681cfb40e08f4f,a0bb2fc6df33aaf84e3dfbddab8b66365504dae5872b3323670440296d701267,DAPO-Math-17k,9318,train,118,66
119,f58e0ea239f5ed0ff80e81bd94c07da2fab61deec1685dcf0f714b463a4fce0d,43929de8a3747c31f3efec3538457fc824f530d603420fac5f4947b7c86bd212,DAPO-Math-17k,12583,train,119,67
120,416f5c2e8a603d9f5702487236b770efa0c63fc1f10f5da3125a4ee808319326,3a91e9de0c92780f713e450c4abaf8b023758794f8324f139e9b60134bb8ac2b,DAPO-Math-17k,14632,train,120,67
121,16fe361d4acaa38f97bca0a24cb1aad04bb1824d892af4b2622f687c570a0a00,49afb81512f28cab7cc6b4f9d354ee4d763b0b63f4f54eee77b8b08e82b368e2,DAPO-Math-17k,12276,train,121,66
122,98c0aaf0e2a9ea06071953f35f727c9222db7294f4c46c73f0e6869e39ba7cb4,dcd93f57127537e017614f3bdc5921e49df42ac1be7f6b395993330ab0b86865,DAPO-Math-17k,5169,train,122,67
123,d3fb60a69a143711be10ff997bb423c163e171a6f559d9f289283dfcdf9c7e02,14a818e7f22eca5f5b2ddf19a9b77db536c4771166d949c41cc9b64a1af4196f,DAPO-Math-17k,1379,train,123,67
124,ecb503396cceadebeb36fcdef4396aad5c722111c5534b76ca6be226d72587f1,b1958991eb95d4c57bcda3bd57d84931ca58a810a67e379d43a35d0bbf173ba6,DAPO-Math-17k,16621,train,124,67
125,ffb729243e1874ea8c98629370caa2b056741b20ef9ddd2f968565f8585bc2e9,c9883ecbb71afbca26bf585c0955e7a230aaa51a3f8f4f94935bc0aaf16220c7,DAPO-Math-17k,16639,train,125,67
126,8fabb385775ac266f4ac5384aeaa9d75fe053790c5beae37c62a111f682e8cdc,752040c28d93fc8bf0b3367cea1a15eb5b582d64905303accae57f65a92f5aea,DAPO-Math-17k,13372,train,126,67
127,f6481d1756fe6f9b6ea56551551b4d0c74310326f730b57ef388015495cb5287,d285ebdaa047f04887fa154098b2203d29fd07c936d856e4e1f784f792c8f436,DAPO-Math-17k,7201,train,127,67
128,b5c7cb31a76136bf7681ccac950df9e8e74e4c6fc721b95493b4606a3ca9a022,816cdf15eca666d5698cc18ad23d61031bd8139fc244fd33d9aa40d95e2fab3f,DAPO-Math-17k,5992,train,128,67
129,3004bf5e10894925ea2cb3c950c687eca6a7a13e264fa5f7a20c13473156c51e,6553ff0ab4398ef0d988f2edaf1f760d786ff7be2955c9a18bdd84665e5cdec2,DAPO-Math-17k,8305,train,129,67
130,ed648322787fc9bf905c44c5509ea4a9ff3f5815d6b0cf79abe3b45515afe21c,866df078d57e7ffecf94f93fa9237e85b52447a03a71fb1a0eb8a2d40d58bdb5,DAPO-Math-17k,4548,train,130,67
131,3098ef8043f49572cdc6b07c92a6e05b11a635514e91684b59f932398fe94b05,6f9ad34b00cb6a341c6167552a2f530516ac898558d88261bde91889a39c0171,DAPO-Math-17k,10231,train,131,67
132,b20ababbfad7f43fbcc6a57bebb67ec506ce44c973b69cf0e35b3542436588df,41d9a5eb8be578f0a62fb9bfc5498f36dbd0aa50bb281ebb5e4124b16d1452fc,DAPO-Math-17k,7566,train,132,67
133,2c6a66f08ae0dd2a95e9e98b90e5485719d6830c9256f81cca65116ad90434fc,82146753f2db44d951a9f3f5d5564765f33ffc1fa354de0bc3e4bdd6696db769,DAPO-Math-17k,10866,train,133,66
134,c5c29bd85095f5ba1d85336b0ea801d1778ed868b08c7529fb8e1a44decef937,352607e588b347006741237ff8b8430107606d147556897c18b96f8153bf7822,DAPO-Math-17k,1091,train,134,67
135,b7d317fe618b9f977765bf59a807753beb594a4f28a69af452b8f5d1eb624363,d4cf655f5248a6992131bd776b7f33b2a5001afedc2dd11f9aa4cc8491a40061,DAPO-Math-17k,38,train,135,67
136,44aa2a77efb0ba5c02224035e2917818fb2e64653a43597b24f347d06254f00a,4975d4973b090d27c32a9c2e16215400a0ba0886df828b3acd2360337630a091,DAPO-Math-17k,5851,train,136,66
137,5e6f49754af7d8a383ff21c106ef5ff8d383809decb2092b45858d64142293b4,af4c6a05b26ccd8d5718c4d3a95d4a8e850c4825b344b41da54f6ef93e3a8bce,DAPO-Math-17k,8650,train,137,67
138,11b4c1c558c3aa84f191c16fd4224df35373e4bfd1067152c50ac59d2bcd89bb,8079e868055f39cd158725032801d3111950217439e371a57d88ab575b8dc0c4,DAPO-Math-17k,4605,train,138,67
139,9f244d896ac20f4f6c9ed412e1b583a56d2f00f982ba3aeb03a5e8eea218c8e3,324985e6dc859d3396477a22cc8605cc24be52e6e1ed1c2e3c809e1c23e84983,DAPO-Math-17k,14356,train,139,66
140,c633096f103e115892fbc5207d081efe728b20a4836dc28a213b855c7c85e49f,3aae3213c36acc13d08084ea57ce891a315f7c0372c4aa4af99c0893d964173a,DAPO-Math-17k,8497,train,140,66
141,38cf6abbb5ced7620ec68aa6803d6d6f79fed30ea5c38d5cee35de38f8794074,bbcabb91205ccd751088cfe0ec77919ce23b16fd92750410d291b750ee4067d0,DAPO-Math-17k,1196,train,141,67
142,1f4ab7b087288f5d495e331c56f79906340f2bfe56353fa00b2f4fe47c251c23,42df6959614f2df31eabc007da380ce8cb20b71f17c4ee7e7c7d6ff37e41e7c7,DAPO-Math-17k,15416,train,142,67
143,764262fcf341bed566c9bcd50eafce537d14f6040dd2f1eaa97771fa0583f796,f2f8b5945d0b399cdf26d3f7fe24a887c3dcd1cbfebcc486bb53d2be4801343f,DAPO-Math-17k,8447,train,143,66
144,3a869519afac28241ae2069131991d22197da73f56f9ad8923141518abeaae73,ed61d1b6352aa9436f47158ad51a3c2bdb3b5596ac7bdd18eb5a3782866433a9,DAPO-Math-17k,8435,train,144,67
145,a1af5e9bc39c20fb9158fa39a49977f4f5f69823b71b4052fa07bafd97bed6d7,2560991da4ad3fa51c5206de530ca3925ceb9ebbdc553bc09edc5ad099d5e0c3,DAPO-Math-17k,3236,train,145,66
146,6134b4baaf6b455b8124cbf3df626b9c8d97e57e57a9c32542f43d5506c82ee0,7a8c7667da6948ef7e11b4285fa34adbe24ec9369efee1554a45a16d94029373,DAPO-Math-17k,15193,train,146,67
147,b50814eacbc3f2afbc3e5fa4f5027242be0a4aaeb4bd845dd2542ec91addaa6a,948d8d875158b2f481e0faca7a8d80b30fea99ff96ca45bec70c20e0c0010511,DAPO-Math-17k,8972,train,147,66
148,faf7fd54ee5c279aa7193902c1b1e9217bb9d6145829aa2b28c2675e8cbe0315,96da7d17f9196989eeedd485e25fce9a580a82db5479d307703ff40488dbc348,DAPO-Math-17k,11232,train,148,67
149,b3a5a83c0851fa7716ca858fc8675bfc2ce073ef02e43ef9989da48d940853ee,617d006f23e8e0fcb959b7609182ea8290eb581fec664e0ae7732d33c41ad87a,DAPO-Math-17k,5057,train,149,67
150,fcb2ecb07e9b61dd12a214444c6464f612265f2e44c09027d8d5d29d50b2b46f,edadf277f2b56e7d56a341a78fe82d7918dbaf2b4ebfc84da9f9d21836f62e4f,DAPO-Math-17k,3436,train,150,66
151,fa4dc9c0124ee571aadb501ab78edc281bb36fe2388737f187797141fa4eaecb,3e227adb5f8d874ac71f551ccad7ccbe9c41d074647b3760b26f347601234674,DAPO-Math-17k,175,train,151,67
152,221706b7c1d2716f3ecf76612b8ea925fff4e92b5429f4344f8efe375fc967ff,910b9e4b65366869405633b91e3da919f456ace5d1d03391837a37ace8aa2d23,DAPO-Math-17k,16767,train,152,66
153,1f8063b66c7dcdb0b5101cccf27aee996b9663fdc66ee0584d5905ad19804fbc,4712aa4473aa7543aa520780cd14399d65b1e38cf7272cdd1999107d01667daa,DAPO-Math-17k,12590,train,153,66
154,e15c78923e9c4aef575d30f684a2935336815fd2da460f2127c42fde7a6bbcba,d2917dda5dbb3e0cdc6d15b1cf8b75949e83f14bd4d9ce792562c8a242ce1d37,DAPO-Math-17k,15701,train,154,67
155,19a40ef5def59c26996dffba0ea7f6f7e0eecefc41876e48bf1480037266b285,7ea1eaf522ec951b15f60619f475f213360da264e09e12f4393472f0a6edda81,DAPO-Math-17k,12902,train,155,67
156,16a2a9a0a0658cb45e55db2a81eeafd5453e3dc034dd578c41847d78d918b1c2,88979f317b0825a8c5aa2dae79b801d0434d219ff56c2a567811fa7a3df3c6ec,DAPO-Math-17k,2636,train,156,66
157,4558a7650e412f05880cb4ca46082ec309e1b458ec176a2bfa4b1220a59cfb6c,b3e51b6703a8f754c54bc63efd463588b26219cda0fc188f2689b53b724f9892,DAPO-Math-17k,8329,train,157,67
158,828d5befcd28ae5fad691e089322806b08cbb8a1cdc66df6dc3c329d6c224aff,6b9672dab81977fdbace9c53789d500c73777c4c41cf7a9c55c1452602fc5476,DAPO-Math-17k,8755,train,158,67
159,5acab5efe86b6b8b9b1f23a53bf2695ab45175979d9d2079edd7be76a719a8a7,7ad9cdb722f4b8e46922470bac000d0a0079f19bd31d53da32f6f7541f826b47,DAPO-Math-17k,16377,train,159,67
160,159fdc34e42a64ebfc1b308bcef2a63826b088b75e05114880a332efc29be232,0d4d9c788f7b90aae513f14ebf23c8929c459ed6f380496894eb9838656fd26e,DAPO-Math-17k,16883,train,160,67
161,63aeab544447e7df7157b741d51dbc97ef3beae5eb5acc097ac4e27e40083383,61bfb3dcf58163be1d060976e0baf14e943039ca06526ba95fb767209ce49152,DAPO-Math-17k,16675,train,161,66
162,5b6714d555d46c684f42f32f5134ef47ece99e52873b1b93d3614dc73542db03,63bceadc314fc6f2d8b8a67f10cc232fb09f805082b7dbed09cd227dcbb0e6cf,DAPO-Math-17k,12732,train,162,66
163,b03a3cd0b0b49da3990675e15150c0f0ce214c0201025108e46e13a597692b14,bd7b4e79714f54f6cf17fd0d208e18ea29dc837294ef9035702d03a4c6d948a2,DAPO-Math-17k,13710,train,163,66
164,958803c3697c2756a47fae550c40f95ead77c43604855dd45394a189cc30e978,b340463d48ab0363754f6cbf1ac9cb4c05cb2c889b818c4d70c441005507c210,DAPO-Math-17k,3285,train,164,66
165,d838f3251ce6e2a9d8b27e6d4a1c82971f9f5bc1181a19bfe022417803cff468,9c0b3293caf64cd17c5e237d5e8bc98e1fac1d9f8343da7d627911c9f85cfbf1,DAPO-Math-17k,4104,train,165,67
166,b1e8fe76b7bc73cb7e0bff34b07954794ddd876a3007c74e60952a7981203792,f903dcccf9855768b816c7791b3edf8b300afea5882f5b16673a8cd3cbe9c6f1,DAPO-Math-17k,7861,train,166,67
167,54efe32b1e20ee7c9a60150bcf37c21de3f6fea0b5b17ff308192ee664b4c668,fe89f0f290aace1c8455368edc71a751550a085797ed7f987f851a966e491916,DAPO-Math-17k,12466,train,167,67
168,a2104e64b2a36c5960d8770a48d773b9f2c6bd17392280b677b2a78df0435ac4,8e6ea0a7224fc892cb8ad11d08a27383894f0ca886adee69f6608e3cab0696a9,DAPO-Math-17k,1719,train,168,67
169,0baf28cb8c8e5f5db96868d0351897c3869eea8d92dd8821cbb9ee5a601c1743,addacb75b30bb0c0e97336f02de6eb192aa672cac6ecc3a6065c66becd314c2c,DAPO-Math-17k,4968,train,169,66
170,e8ccbdc38bd8cc23778a1b8602fd918100022e4988aee5a07f483a2f2685625b,13daf64fa73e3aa6dbc824211b8c0eb10a9781cd879d374a927217c3102ac4a8,DAPO-Math-17k,16927,train,170,67
171,51d3ec45fc594d8cefef6363ee112f10602dc8c17f59876887d2f7b929f74e82,3f962a4622a925b46bb1a5b08f6058ff4d4aa3f2a5b820affcd36d7c6451e583,DAPO-Math-17k,12162,train,171,66
172,f6b8a1b982b604cdfc76125f521a79812f22bff1474c903a3f36bbf412b06857,b532ce2994769ec91552df04cadcfe972b612c3dfdce5af1fe1e9cbb49ffe8e9,DAPO-Math-17k,7884,train,172,67
173,42ef0424aad481de73a68ef46c5713599522f3a01524f28058bd132ac105da4b,038ad8f34fd49ae0e21e9e4a592d224079e85deef96b2bd894853d757510cf93,DAPO-Math-17k,15387,train,173,67
174,53383b37eb6ea5d32ba22027b99f14f6f55960c72367edefee31b182a5390e38,f737394abb844cbd5ecb6fe90f18ccf6f4b6837797f700726bb01a6ff7a906f5,DAPO-Math-17k,8280,train,174,66
175,0c241afb62c6fe00dfa9e272464987b24aaefaca25389e4c6cb2e3884a3649a9,c8c3b9bb8313ba42bff13b7619ac35bf53456da07cb7ad5e20d6cf41f3fc3d3c,DAPO-Math-17k,631,train,175,66
176,0fc25d91e2bab951a6568cb2241eb1141fca749a378154cc490ab1c619b02974,b685ec2b4c08e9badcaadb6d7aae6ae13c0752039a03e52b3be0ce67c26e170a,DAPO-Math-17k,14871,train,176,67
177,044ccd388510551edae7534ed6128571ac0b7dbe9128812a0b24e0330647fb79,04144df2600e0c0ab0de2155e52ceba489cb18bda1fbe94291cc4576149b00ed,DAPO-Math-17k,9703,train,177,67
178,3ce111363962537948fb5f3bcf1c7e0b88941c29682c2faa690b396b7bdf341c,282d4e7eea8ac5b27d161a748ab6a6671a89f97381da302fa7d2993e3d94fe44,DAPO-Math-17k,749,train,178,67
179,ea619fcb4332e59ff20e97d38c650fb7ce44c1832eea26f152301b208f5e45b6,983a713e74f2bb1faecb6203eb278d23826f6be496a76e7a82c3c2c19592aaae,DAPO-Math-17k,9097,train,179,67
180,0637c661194eb75920edef8730d53b4811ce4ecae3a04153a11743a5dc3696f7,6b1ab451eb483bb311e807f9bb6d386866a1b76fa7ed953ac5accc116a56e719,DAPO-Math-17k,6084,train,180,67
181,eb6296f1e18174e84f6361462e17b9c8b6b7b892b8f23701d569ed718ee4abc4,f7c788ac4404ff6523b7495632f425f93e12890882f9a78419a78cbe4698c6aa,DAPO-Math-17k,12234,train,181,66
182,26c63af4ce68d62267289e63b17f22d04f8797d165f697846f0dca22e0dab853,c5bfd353ee1328a9e04004aa19e8ba242f4c55b705368eb4825cbc8e2c1fc39f,DAPO-Math-17k,827,train,182,66
183,c0c1a4496738b041b4bdd4148874e5675c36998110a97eaae810adea581f2e28,bc76b57ea77d4da3b38dd5511f8cd45131283f80d31885d92b5056ee00981da2,DAPO-Math-17k,8985,train,183,66
184,903ba09d9b2875aba8710bfbd30db739ef2310ddc12fe5104c8062b22abbacf8,70a0edb9686e13686c15a4213433215fe14c88d769bc15b5da74738dbc1ffe2a,DAPO-Math-17k,10401,train,184,67
185,a00e6d30f7816a8aa96e94762609438c3122265301211d11711b2c32181d6ddc,565bc555386e3ce10f1d8ae33db981decd88f083063bff19d69aaa113a396cc8,DAPO-Math-17k,2143,train,185,67
186,9a381f9a6132a8c8f669bd2e17effe922fc92349d582ca0499330ce8d040e8f7,147974b8166ad91563e5df0bde8bfdfee40378f1d59ced6649dfac617f2ecfa3,DAPO-Math-17k,2039,train,186,66
187,61fda4813d6f2725200976592420d7986116bfefde39db701cb3275b78d53c93,1753ba8987922a7d1a5af2f5d79a8d19663ab13a5cb8f7ead4f4a03b21471fdc,DAPO-Math-17k,12940,train,187,67
188,55bd6046876724c7770816b0445c35fa4ea9c5edef4b542dba48a5b6a2e57a3d,747b8c595a0dcf08857f7391b90c3c6201b9bf66833739d15e47ba6a2d7a9b17,DAPO-Math-17k,82,train,188,67
189,68963110aa1cdae4282a4ff563254ac206c0c290f530e99c78fdc1037409501a,b772a3d91010e0508b204fabead5491807739305d7d4c1f52244e13a8dfbdb50,DAPO-Math-17k,415,train,189,67
190,9965d69ac297f40f37f2f02df36617b73eaef3d20f1fdf794d315e6961eaf2bc,8b27983e8620fa684a6125466414f692741cbcdf28a2a3195ca8002b4c7c4267,DAPO-Math-17k,15932,train,190,66
191,651310bb9e42a8b649485334209aa49218261a96750409eb1d6e6dc71387a2e4,3b80422fec00f59feffe957f1951a05d601e480bfbe92812251f7cd44f74b91a,DAPO-Math-17k,8667,train,191,67
192,0da2930828da8208a83a1a0c01835fc1bd7a0dd9565323f684cb0745e774dba8,1e3b3f525fa735eeb995ca3ac29891e599eed69d74189215637dabe8b2a866e9,DAPO-Math-17k,9134,train,192,67
193,288e676373b9fa92fd3df25eec554f1e480d45c7ba09ac151c088e0e84cc1f88,d7615430815ee107b292401d036f8396ecc40853adc46a61720596c81e076958,DAPO-Math-17k,15750,train,193,66
194,bfe33787803741239afb40c25cdda7d6bde80e991df9f49dcd7426f47b144e36,c7cbeb096287062495126d0739a4d98969b7d9495d5ceeaee31e5e044c9afa23,DAPO-Math-17k,839,train,194,67
195,d52e7f7c882903acd9b17e636d3f2613b09dd58158fd4fe045a36955a3b43c3d,4d24b045fb3239927e7c5ce5b3ae225bf8822f71976df72079e878f4031725a1,DAPO-Math-17k,14362,train,195,67
196,ac4eaaaef9b1834871bb6ccaef56338bbd080ad7e93ad4465934ca935359ca31,84616c1c0fa8d4caf52616926131e6ddb9240eb27b2a10bbab9b6ed5c7f3c967,DAPO-Math-17k,10843,train,196,66
197,f4f3d172a091d6ddeb374cedb0d332d3e7f0c971a83e742d0c9043f575e6229e,25827c72d65ef800d0982a5b3914498baac030e936d52362d27c78883ef72fa7,DAPO-Math-17k,7104,train,197,67
198,a76ea86fa70390287fae7e67c555331426b7426884090b2bd1a8b1730622d06c,e6264b0cb132e529d9455b830f5c477455f92d23f2e8fb2b268455f7a9990342,DAPO-Math-17k,57,train,198,67
199,0080103aac8881c42531213c9ebf5fbc132b8e6cea26b3cf9e5e078fc0e5eaed,dff71f34658a73062973adc473db9af53f1537a71b0d0255b1e575e6ce8e1d39,DAPO-Math-17k,9172,train,199,66
200,a392625eafec3e0a1274ab87dbcf5795de177b28eb2ca24b69f113decabe4553,3301fa046fb1b475667a75d54026d9920ff5a793ef5bb7408c349498ddfa0211,DAPO-Math-17k,12331,train,200,67
201,53e3830c815c3ad79477f954738a12b4a9d3a386ca844704724e43335ecae97f,010688212b7211d7437e8e00a46515b2e3940e8ffd925a065b4821b57362b563,DAPO-Math-17k,8411,train,201,67
202,51a75d5f89fe07705bef99c160c29d2eb4b598b6a6a2ad9702bb44c8ec2253fa,c6bb3920502eaee75729220bd527013a9a53d051d532b4180e9a9e50226d50ee,DAPO-Math-17k,4561,train,202,67
203,23f079f83ab8cd3ca517ef1e821de061091abc2461d0db1a4b826a1fb11e7ff9,62b6e19e83875b67b4fa58b1b30d6fc536df7f61a7561a73053c5be2280b6fcf,DAPO-Math-17k,6519,train,203,67
204,2c47131be964908878c5e207730211ea9d929bad01b2e0ddba2d597eb171e977,34ebe61bcfc2ed6b5f65ca3c637a1fc712867979d63a7c064d9bbdd38704d156,DAPO-Math-17k,17153,train,204,66
205,6053b7427623f3fc849d9fe79a923ff5f014333d3cd3caea52512e3b6deec112,feb7f2f45127cc6cf51fcc310ad62546d2c40b5334698c854b5ebfbac86f180a,DAPO-Math-17k,16716,train,205,66
206,96500836e0b02701f669dba675a09ee63064ab81be2c6994df8a7170beda4bb1,f1b4bc64267b33b2364415c0581e3b081508eb23fd07d5e05a1679a2a050118c,DAPO-Math-17k,2120,train,206,66
207,d7549ec98fb0728959be0e988014fcfcb0353f42c8d82441a25a71f71c013e37,3b7f757c3c79f91225f9537b38ec921612b1139a8549b6904f84ef1f998fd972,DAPO-Math-17k,1278,train,207,67
208,6a04d087252124170dcd704fd9f7b871123003940a719d8cc11a900e6256f45b,199dc365bf243cb741f7f93781ee28fd34be097a7d7c80b85d1efeeb3e1a3eda,DAPO-Math-17k,3690,train,208,67
209,30000b1a410b626ad640e3d124c191461048bfd1aa01aee7850e36655c6950cc,dc1c692e02353e58d2abac0597329028eff8e35bfe06bc8996c9fb3e10256c34,DAPO-Math-17k,9702,train,209,67
210,dc07867a29eec3c83ae5d61f5ff894c149abc85445c3c1c401c15419d5ca727c,7de9d452dd9c8369ba5908c352b3fe27f819691282541378fba9194125aad75e,DAPO-Math-17k,12798,train,210,67
211,faa2c9ae532145d72b21ffc7cd63601a5761ad3851434439044d38bd7f8033d6,69c8f2f30a1ffb312f6454c0c1c7766522a506325a1a73cba9eb5e296f164a8c,DAPO-Math-17k,11327,train,211,67
212,94be77491253a1c0f32298d65c409f738d2d5c1ae66021d6856ed6a8145af043,88a69866013b3f0370100c61a53e5ce8730c54e55b1e752b6ed099bc0087dfc6,DAPO-Math-17k,1330,train,212,66
213,52995f10d30f42bbf72bd01764821de37079437af8ab0bb0fa25e426baa5170c,8a9f952ba5e9fbc3fa92f99aaf0168c6819ee0ffd78798fdbaef723ac673a241,DAPO-Math-17k,2261,train,213,67
214,6dbd24891f2342c67f7142c6e3975d986b10d3d81433dea305bd31a734659588,ad16781ecd3992e559f63067d47191b0585b2e93fd78d55adb535b9ba693cc31,DAPO-Math-17k,10909,train,214,66
215,c5db62b43ca7a485eadcb9278576b41469e38a7b8473bbc038756d50f501faaa,9beb1546fa41b6e6fd33449316b405899784b74e4fbd07b1e01756909e23fd5b,DAPO-Math-17k,7094,train,215,66
216,0b5ed33479525b45dbee6526cbfa08263ec19bb83078037167b41aa256ac1bb9,7a323701e270dd570d024e8a75f7081de754d59befc426bb2d0c8a082c41c2cb,DAPO-Math-17k,4475,train,216,67
217,2341af11bd1a15fa2299d599683b8e46d37e5902f1b311a2a9be71942bb8149f,73025dd9039883dd0bb6574c77f1e04e8ce6694d1a07434cb9af87fdb3c633fb,DAPO-Math-17k,12552,train,217,66
218,9c72cbe6df89adf3e829b65a050f611752c7eb0b1bf980d19b310fb4976b3103,87e34d255c3e6493847659d2639f103e8b6ea06e8657c752d8e66e648ec444d4,DAPO-Math-17k,11721,train,218,67
219,90fcdf66ca2796a225af387e966aee766f96cde8af4e344997bed31e3e4ec333,a7e6be1d8f9a01b6bb5fe91384bbcf895eee349fd04fceabab5a1e53a588cf31,DAPO-Math-17k,3757,train,219,67
220,1b60ed8b54cccfe583d96e1a1426d1ed095c29948cc84acb566026813e50b9a0,28da62174acebac338b52b4d09b407c1514db41eeab2d4518a1c944aa3fab9b2,DAPO-Math-17k,294,train,220,67
221,0503c53e9b2d6ae085c7778caa95c2a803389ba32f979572b32b2feaabbd5116,ce49902e1f4f994c7fa1c9679eee4cd8248e29cf110e73b7b2eeb9b4c8d2052f,DAPO-Math-17k,88,train,221,67
222,0db3bfc166b3ba56213aae8fd71dae0306219d319c66692351a41da9290f5f5f,00477a4720a2d886bf5018e2e543415e39a1e9bcd3681e95df467047a18e442b,DAPO-Math-17k,10088,train,222,67
223,43a128f514c1e5fd32373bf15044d55f2fb1b2be7878431a405cd77c98367781,627591fff1aecf35d6a088c8af42a8bed752601122fd39c991691c0f3b10a0c9,DAPO-Math-17k,16815,train,223,67
224,5dc93538b40cf55ddb4ca39334c44570c567ad0f0485e09317781e5aee0c44cc,91fc7be0477ee409f26c95fba73d32b7c50cfb280c4ae2f1e45db2656d8b54f6,DAPO-Math-17k,11776,train,224,66
225,ee591b81171a7e4b5ce68db7bf472c06f1dcbec07d97355ddc1392954731eb46,fb59a914da0835656a4daf5a52b3ef877dde8f386e0d8263be8a91ad86464659,DAPO-Math-17k,9738,train,225,67
226,c553dbdce96796bce99b5b27dc12ed25114ae4eaa89881594600ec6caca38c58,0e40e40c5cd4a11a4dfbd208f5afad052803cf0b8d9163b85f7157160116e193,DAPO-Math-17k,15599,train,226,67
227,9a637f8fa49cd341fb383f0f3797217565123082871f120f5978ec7a59c00ca8,59d0add3b9e48fed21d1252a58490180870ea0a3d857bde2ab82a70b236b5742,DAPO-Math-17k,1527,train,227,67
228,77831d7131694d998bad14b18629bb2da80916c31707370c508989f3edb7239c,8d2ac6c43dab1b5b53f00d6cce6b906e20ab42095633543863a3c1918cdb2792,DAPO-Math-17k,7307,train,228,66
229,62ec315ad3305631d10f2e008aeb7e71349869cdb24459821a90e21426150b68,c3cf9ca7e6ffeeb94f2c9ecfc36248dc74060277860cab4280c96818315bad48,DAPO-Math-17k,2599,train,229,67
230,ed2f120595c788f9e100d646feee16e03e281411eda3bf323ecc840912e49ab1,02a9e20c255f5ab0c02a838a1099f5b7284ac1439d8199a564a3d9571351c38f,DAPO-Math-17k,11522,train,230,67
231,e912a16c8c17709d098467eba71001884ddd9736f0522dc94217c30e0f769ddc,af5d15ada2d33c178387a7e5e6f86a2b77f994d5aa0eee7d1cf62fd963192ac6,DAPO-Math-17k,1491,train,231,67
232,3d293fa1ba7a3c649782ae397a1b8738ba678ed314d4d7283f51594d89d460d2,5f133f114511c8e4bc3447abe752a308ef18e314abdbf809a415f804bec4fee8,DAPO-Math-17k,6155,train,232,66
233,4a958f96e3caa9f76d48e77a8fbbb4366f1d4ef7dbd1321b77403f8f4ca2fe69,e8bd27633ab6ea09a881a78ec0c8cf1c5f83a1c930799ac9d8699f9b75c4cd8e,DAPO-Math-17k,15585,train,233,66
234,faba24371feaf858729410e2dfe26d7069396b358caf99602bece0246a3bada7,14a9b6a044fc0d20b3acff212454b8176bf3edb3b3ff7b9049ec469c3b00f159,DAPO-Math-17k,12158,train,234,67
235,38e767126d6174aeaa18db2ed9a42996a19b722ec7205f329cd2267ea007eeea,aefa9cee9790d6399879ce4cb5b3abbc5b5447a4568c5305139561d9f7a198ac,DAPO-Math-17k,15871,train,235,67
236,94e4b76089e89368984f8ac99928f7b311ca8f8be7f40aa231691e36e67015f9,2dbf6e4cba19a8ee95929594d7db21ba3da73fa2cc60f9ae101b81f7513bb6a7,DAPO-Math-17k,15546,train,236,66
237,bf06810071f1861700ae6257c204af0bc731508f55fba02c800f7798eeee7afd,ed479c9e22dfa7c748e4194be89f10318c9abf725307bd70de1c27f4d0b2843e,DAPO-Math-17k,7351,train,237,66
238,e556dcac05b2792c3f814c3708ea9d530739e91479e66ca791a1e26c298d8787,e853c67b44e502be4b87cf006f147c939e58e21567bb6d2064cdf5f59046a754,DAPO-Math-17k,2289,train,238,67
239,c4ba681cf53a1af783709d987ca0d187e328a7b06c414aa94311ecab15f289b9,4ef9e7815e0261f255ac4c78fdc1590ddd38763fbd1b253b435dd0321ee2d3ea,DAPO-Math-17k,4317,train,239,67
240,78a233e21e7e7aa2f4f5672bbf8dceb03d557bfb6f41ac7430794e25df0d3610,a4063684f1587c61e2de3e3917670966d242be2bfc5e9dd1a77520be8e103346,DAPO-Math-17k,2282,train,240,66
241,2af73fcbf37ce1b09004bb28a76dee4b8acfba184a8a28d768377f4b3c706d0a,5824e3fc96fbe92ddfb401d7579aab72247d34e1ef81913cfd2de5f6a8afd9a1,DAPO-Math-17k,256,train,241,67
242,2041d8f12a23480381642c1c50c88e3aa0e4552be687d6ada13d8af89df04f6e,c8c597bb46b082b7458b92cebcce6eda9f3b0f123727f42e26897568d37d5b5e,DAPO-Math-17k,8137,train,242,67
243,0e493150ce49330530b8585621f1933a95def8f51e25c1e106756e53d7f1d946,901c5b72d667b808fd1131f1812e0bf1f88b097c7ba7193b821030e4308b7ac7,DAPO-Math-17k,11688,train,243,67
244,31ed84ddbf131573f792716bfd5904c337cf266b32c4710f4b44eee6a4a31ce5,a5bb41af206ff8e8c78a0192b9ea302d46355b13145d8c76cc459d252ec552a6,DAPO-Math-17k,14655,train,244,67
245,85890e35ce82db77e05475987a7a77de6e6c456f0ff457618fbf5a5d2fdf6c3f,da430f45fa3125e97bbd7414f34d5e564f98d70fbb83af036d58f1462f2113ad,DAPO-Math-17k,9026,train,245,66
246,b450e51cac8d4903da8ab013bf18133d6135102e7c6a139688c196f8567fddf4,be460081a0f05d6230df005b8d8a11e79ee788dc7c2c8724b7d723adcd027fa7,DAPO-Math-17k,3093,train,246,66
247,7903dff731dcc3f5adcde9b3d86a3695fdf668ac67d3fac0eaede4b0168f1d1b,f31f6c172aa849825937d4f30d2f7cf097e9b2dc4ca9585ed0ec5dc469ea7b0d,DAPO-Math-17k,6503,train,247,66
248,436e0f7f6a30ebe020f0d112b51025b11c3157543cd36c889b7c100c34fa9e70,cb5e353365082f133758b2cfe531594e7667697663b01b9f05e2db408823ef5c,DAPO-Math-17k,2869,train,248,66
249,bf8f1173242ff8856112b584bbe89166ed312a4a6a2827f27bf9e31834d1c438,c48f1e0ae46fd946771c471a5105f07a9e45c3ad0dae984e2e19a8e3bbbaeb1d,DAPO-Math-17k,10237,train,249,67
250,f830b029c835b1c44d62f8158a18f06ba91d2e9e37d41d65ee85e69883e84d83,afd80f6f2b8c98ddb1386ea831a5518e093eba1bf074fd2d9a44c3c0db57920d,DAPO-Math-17k,17099,train,250,67
251,c5c0a09c9455b16125d33918c92f35c969ccc51f26fc2f41e54e2e441d7274fd,7ca2b81cca257bc0cbb2f4045c9a73b618c62d135100339ba4dc3b046d395637,DAPO-Math-17k,39,train,251,67
252,f794300f0e70ef0ec86dc3685edb3a70ac3bb1eac84b11a78298fa98401ad569,f183e8d0c6eb888c4850819653b98dd5a6d90bc62d37f0c734efe24c29f01a6b,DAPO-Math-17k,12959,train,252,67
253,e10db90bb72e23b55ffcaf056ef1ddc8410a9139d255dae02889dbaab8518cbc,c7c0a9c06393375bd18282f9d21444f92cc63480bbd7ac99fcbea4638b2b0449,DAPO-Math-17k,13423,train,253,66
254,444f280cdc4a1335a8c75392284fa1c2097fea6e73fc7372444672f3e03d977f,b51b53e2da2dc08526541a79aa70b96d4d131e4106cfa17b12d9bd3b81d0774c,DAPO-Math-17k,15101,train,254,67
255,9b9892060ba4327a635913dc924f555159a64ba226c32940e9fda119ee86365d,df0b82589f9d96fb45769618f59d55c533c3af2b21c4e90b44d69dbd0a81c958,DAPO-Math-17k,9740,train,255,67
256,d2bd40cb39443147aedfa5783d4f31cf631979f7cd9131211505677e067a2015,81805e4f54349ad19940eb9b7f213c388ca27f4ed765cc6023d9d60bb0c150ab,DAPO-Math-17k,8428,train,256,67
257,7bfafc17f5e700db47651766e00ccd686aab1186ae3d3d4d64f389c3d3c36b38,cf62a87019f6ea0f0f4ff42cf8b8226f33614cbe042cddf62643a55ee4a9374c,DAPO-Math-17k,2022,train,257,66
258,5289aae147b8296f1ca2551949c601b6e9b011e8fa1e633726381710e2fab071,7b4acb35aaa9adbfad2cee5b1ca575476138aa12f8eb4093e618b8f164961ccd,DAPO-Math-17k,232,train,258,67
259,fdceaf472641c0d7e2f9398e5f8fc41527801607036b37266c93756b7d0bf704,c709fbefba245d104ba1f2d0afe8befaf77ff7dd42146f44eb27818c47888557,DAPO-Math-17k,5335,train,259,67
260,ce613ec89d9a8b800f33de153ab8be7de04163aaabbcb8c35e7b577f32587a0e,e72b543bfe811fa647d792b887c7a121464cca299bed4c936b023fd4e1647493,DAPO-Math-17k,11496,train,260,67
261,04c728a79f7e12b07d372189c8220b6a4725810e8580084494f32314edd164c9,99e43828caa6713a59e4b0dd22c55e504038767a46178f9c8dd2cb541c650279,DAPO-Math-17k,3894,train,261,67
262,dc02f092b5a8dfd3ec00c1f17e22b42048d62115cc2874476a6b68951b6b62b0,d98c54b9dd5275983c01a5ae96b4a1a98bd86604fdd4e59ecbff51fd682fafd7,DAPO-Math-17k,13117,train,262,66
263,5c0413bb0aa5819c170264e8df89837af64e39c37e2a6103507e08ebed79ee67,bbf6c20d071134d70fbd61e1fe7c7627dace81acb3d2ab19a13f9bc4779ddb35,DAPO-Math-17k,7785,train,263,66
264,296b75dc7b68a60ac53cdbcda340789cf9cb81c3436df049dd4fa4fdaa969b4c,bc923b7fce7a03327db11a2a2ecb5c9a3d51d784ced1ad48e694046dba4b7115,DAPO-Math-17k,13658,train,264,67
265,5d7b55105139fc9bea050f3dba34c94bd58b9586433de37261973c147bad9348,ef7e823d954a183f432811b8f35ec7ba115ef943347099be7fac1472b945d2b6,DAPO-Math-17k,7363,train,265,66
266,a8a6d8b41ee8503dc6953c625ee2ce5d0d9bbf208ac6ba1dda2836a5be7fd609,be366506584b722198c824df457c616a6b208e8f261514d0006a390835f3c93a,DAPO-Math-17k,16115,train,266,67
267,09c378125479930e57088239e7ea38369337e91ff9bd121492f8548d75a71df2,58117ca2850688f1f288f20e279679bebe36a15de825afbc26867c46f4aa01b6,DAPO-Math-17k,1216,train,267,67
268,114f4d668197a531a9f355196fe333ec3549a98f5a61b8550386564215ec8fda,920da44321a6d2b023e21e5cbb2cd333d57c2ad46ef522c8d8b0c9b58c1705d5,DAPO-Math-17k,14164,train,268,66
269,cf0795a96aa63688ffca504db86f1ccd12b5035d0f9afa3541bd77c4c841621c,353733eb162c33f9c28433b03202e9f464899675a4e5d0bb80d02467c3612984,DAPO-Math-17k,9919,train,269,67
270,363d72bc585cfecedcb401dbbb4a1d4908d40355e52a5a856c0c443ff8cb6112,120afae3f107fe45f5315ebf2e2766cceef95eda53857b8f97edd008560d036b,DAPO-Math-17k,1546,train,270,67
271,3891ac6994f85592a185a70c8f42b87ca9f3496e80729b9ab3d68c725f5c7289,b2b2d9d090af44255ec505622223b52cbfe348a33956ecdd6b67493f40be192f,DAPO-Math-17k,14431,train,271,67
272,8c8f6ce0ff52ddde1aa9e4f5872c3a81025f120d9c416010f95e87308517ee28,02c52f3826baf8602197d832455112ae344ce828edc92ae480c64c4a5978859f,DAPO-Math-17k,8337,train,272,66
273,6472c965c187cd10085938f7dfa375aea7282ac5c92061456182b72c0c8c0859,52803140744c137fe2cba8f39754d4a367131614cc8759b140010568d3bf1fad,DAPO-Math-17k,10424,train,273,67
274,b9319e81426f3641b46c1d7d1788da34d936ae7231ae212574fe01583a6dbc39,ee5fce1835dac9bc3a22c2c5fa3e9c17c896ccf3b13a8bf0e1a07d7f4db34d18,DAPO-Math-17k,5137,train,274,66
275,d9879a34a11ddf56979438a98941dd182b9e45699b8794bdaad0141b4ef66e8a,f74efbac1de09977d84d79c768de9cc05114d6a81fbb9084b26705f6914a2e21,DAPO-Math-17k,1982,train,275,67
276,47812f654901e74017af0b37740b717ab3f9d4b6e5d6889106cb2c3bf06b9465,dd010b96f6fa78dff8ee70ed5ddbac24ac14e82144ce01e43ae809c2eda0251f,DAPO-Math-17k,4512,train,276,67
277,403ae0f8543be186b23433efd23f8a0c253a46ee406ae155b4da76a0b31ca2eb,38fd22db48a7078cdb2f9165954ac4e8b580fda28916fafa2859e6dc5cc3db4c,DAPO-Math-17k,67,train,277,67
278,ea4511bca044a8af2f9981ad7671d3949f681100e80dc264372a39eae85f1bf3,d691fd3c54368787b7da6bb2d330ccfd2c32dec76cf8a8936b4d5c5c277538fe,DAPO-Math-17k,9990,train,278,67
279,4c23ff31343f9f5053207821c2ce1a3e60cf74bf6486fd94404b9874fab9e722,9015cb3eefd408c633dcb5987f16ee6a70189d4b0b4374133e7d8ab4df9ec57f,DAPO-Math-17k,14384,train,279,67
280,d318f35ffb4d4c189f577fcae8ec7d5feee22d751c96d5d20c63f4ca1c7bd5f9,689d06639fe8265381fcdc08a587162cf5f418ee82c1df9d6849f1c97fa10113,DAPO-Math-17k,131,train,280,66
281,30dedd26794ab2fedf405b2991a01a2565d57e60f1fe704f4633b9c3a020bb18,40039e24ab9ba2870d3a72797276d0c15898fd40f03a39f7c121102814f20954,DAPO-Math-17k,11882,train,281,66
282,8d4c7b92baa8431398fae1d98b38f8480d29a7cf43aa07b1dcb9dfff81a84487,c3aeff552873dfa1f119848dee3c3ad95262728dc42c2b1ea4411598f4b43194,DAPO-Math-17k,4982,train,282,66
283,c83b82a858bb58b022d7c1310f988371f119c21e3d7b7bba2574240e55a67d9c,e3f238265ece175f5d88104d706acafc355f756ee44887aa8c0310dd94f33909,DAPO-Math-17k,12507,train,283,66
284,67d3ab75c22a474a89f54fd2598cc4977a8d571a70999d3ac3fc8237b3e0f5c8,e3e2a1a002391d71409bc9c8988d2473c9ac3f31286e4080fcf5beaecd5c2981,DAPO-Math-17k,13638,train,284,66
285,e8683474dfc0ad3b90aa3d402d28ce855400cab451ab4acf9446846a603ae769,6717a72675b0a16accc0b84ef93167e63fad5550c669ce852a0517e7c23cba62,DAPO-Math-17k,7693,train,285,67
286,916e4edcb9587ea1d755133cf1e07d59a33998c6afddadd63ae16a8962a51012,a44af3090fdebacfc72c04904b2ab3c50bcf62d517a48ebbbc0483f31e499d5d,DAPO-Math-17k,8466,train,286,67
287,097bcb28383c578660facf976463cc75f9aea6d5de3b98a770193b24a0d9b085,ab00c75a0877c24939f0e54894a144cebd90587ccc984712ce260ade5312135f,DAPO-Math-17k,2728,train,287,67
288,5dab17ab35647c246b46f845635fdc5feed38259b6116706e4ccd4a676642c4f,7a83161149de1ec65ae0e1131ab6f2dc698243e32fe9de30f48751a770dae7b2,DAPO-Math-17k,5102,train,288,67
289,fb183391bb78b37253320f7b6572313ffb67ad0f95fd3b031a989515b2bf0a50,1483d54d6068d57e74c9ede726acb2f8241333f87ccee607df80e00743b28e03,DAPO-Math-17k,7638,train,289,67
290,29f13cf4aae5a7a249c72d2372de7dfe8dcdbbad0ad78e2c800df5b19d2c155d,e3eb4a56e3922f2465048464fc9b72a358964ed8aca00f0e04a6f67ee38aadad,DAPO-Math-17k,9704,train,290,67
291,b8b457e77135beb31a2bb8de19ba39231a88fd958f6fa800a2b264669fef2178,2f06fafe347d703a1e7cbe2d99409cdbeed6c5de822c0d9e501bcef3cd822dba,DAPO-Math-17k,3526,train,291,67
292,41881d5b5d430f4ea4974fe84a47f6489adec9600383e520c79ace6826664496,723337b232b9353ccf94601cb18aa9ca2b8d1992fb477af5b47f625e165e73ad,DAPO-Math-17k,14981,train,292,67
293,6ec721940ef4c2e2c2beef3029edd60f2100c9c7bd448cfe1232bf95c808268a,6017e095a32276ebb0fd470fe7ca08020dee2d3a807715405063f2d15fa92e99,DAPO-Math-17k,14228,train,293,67
294,bffa2aa850f9e83c8fc8281abeb0322260dc4d034d625a410af2ed8cc318bea1,a074b92cfaf740012fea29675b218882f4e9b573ec35cd6ef2cca27d5057f361,DAPO-Math-17k,7891,train,294,67
295,32b3d65a3d8aad638d327ed1a555b5871d26bfd00ce6708e856983550b513a9f,688a9d611e08af221f1692f98d5b64c2f3dac17216437aedfb0267e390bc2396,DAPO-Math-17k,2532,train,295,67
296,8b03d144e968442ba6f2fd542239fe57cf6a8441662cb0fdf00236e5227cc8ad,b2dc6f3313588cb606cc324c1ddab5aa263bcc442c69d5ed7fffe5ea607fb4c4,DAPO-Math-17k,15136,train,296,66
297,356553ac0c88b8fc2e333c970d93289c336a4cda61f502bb267824ff30e81a38,264164253c27cbd57ccd5d1ef9ab94b6919ee6f8758a6e7052c960eb16fd0f97,DAPO-Math-17k,7842,train,297,67
298,ba3bd9fa7f10d971a7a407f13637f70a8b43e760213bb324cfcab3313668b3c4,6219a0607407f74a82fb44abba7310b421f381c3e35000ffbf4f91e682fb7c39,DAPO-Math-17k,5469,train,298,67
299,b37a4c5335a848c3ccb1ab64afb610b2c5f588963d1d348a7d5ddf99ecd9a2b9,075175c6d57fc5d12429fce901e09901f0432a06fbc2d24de544b2ce6cb634f0,DAPO-Math-17k,4093,train,299,67
300,59a0c4baf7399f718fd85e3ed73cbe2cbe660b4cd0673e30ed78f00b1a6140ae,b2dfca331565b2a38cd3c8f4c702ad4596bf6e50b434b2e322f9945e88670b81,DAPO-Math-17k,14821,train,300,67
301,c79b344a7a781947d76287b9ecdd307729ae719297d91b1d2777116c7b58f22c,cc1e3bdf5d2408f7a6a502f77514082df564c5a22e1ce2e5095c0497d56ede5b,DAPO-Math-17k,11734,train,301,67
302,28c0469d7d420936ee2782f681c20c54b2787da0a7d1630a43b5e0552375b127,cf173672ac238f15d6f895e10f8e043fa08b52a5bb709942e3f4401b2c1b8d8f,DAPO-Math-17k,15613,train,302,66
303,4bebffb1a0a04d00def5c2bcdee48330fd34e82148575bf1d7cf2527870140fe,4095a09e87dc50d77d18e15de4ae30a2641952c76b74a28d8fa0a6124d2f4427,DAPO-Math-17k,15674,train,303,67
304,2709f6cdb1d61550f45a844f93115dce9763ae1b2b6565be00d50d4f61181e8d,0bf2e26c617ef139738b780a8a472b76fc50bb7d4ce5a8703c5ae78a39d5e66b,DAPO-Math-17k,12716,train,304,66
305,228aedb3c9daeabb3e9f5ec0befe0482dce92f8e7e3616b517a9fa8af5c87dc0,6f12644bf8e772cae6fc5dd8cf24547ee4069ac4b82ee43ec4297714b3582b3b,DAPO-Math-17k,2649,train,305,67
306,e10e43f6fea961792dae0fe1f7ecf9624f92244ec1d589eb4b699bf4e5f49894,d5a462f83e5444d391715a910e01f5d59776811645ddb2f43a64154c48f173f8,DAPO-Math-17k,7145,train,306,67
307,accec792255a7fb981b4015401299d1a40545ec903dd5b8ba8e128a74cac857a,a54e93ad993bc73d37719e5ce1b36e87df3ab1549a1a525bdeacf7405fca7a84,DAPO-Math-17k,6311,train,307,67
308,1d1e8f227fb0966373f7341e07b856bd109683ab792c76a83faf4135eeaaceec,681d4c5711bfdde5c1747945fb52b83c084527254776716d808b9f019c1846de,DAPO-Math-17k,3019,train,308,66
309,e8bd0bc016b26621e461d6b41dc0b448f81f8ed733284e6e8155c2f7f4ac725c,4fb7f3acf96c4f84b22df21a0c5afb96ad4714cb9af4aebdc9309a9c29b913b1,DAPO-Math-17k,15211,train,309,67
310,5f087dfd462075a218a4fd4873ebc52c1ffae666acb68aa8fef0d33d86b841aa,ce488a8417e9b6a8938b660cbe623a1f13fe216299a8d9453365ff36342f2817,DAPO-Math-17k,30,train,310,67
311,19d2fae502aaace45d33c9addd5cf8c63940ec56d2484b68883c1feeeaeeb47c,c660d1a36c228dfbd56a3440c5cc79b45e050a794e07fe288edee27cec9b785c,DAPO-Math-17k,8191,train,311,67
312,758c44eabbc34abe94e7b290875882f1e3fde243c535d2d7304fd3727e551661,856789a1567fa83c787f02ad75fe39b52c445f461e30b9fb9ff71889f634242d,DAPO-Math-17k,10832,train,312,67
313,8ec0fc80a4248f5b86ee1e09abadc495864cc774b1fab96aaca14d030d7fe79a,22c6253e6094bdd955851d7e7782cea0dd73d7f68fe32d2d7a4fc0092ea06d9c,DAPO-Math-17k,13373,train,313,66
314,4cfdf8fdcdddb0a3a668251eb9be89edd298c48a26187032484a7d4e1454fe5a,49e2ce04e410f2dfb7b7ca49a113070c8f26576de7d0f276496e00d8e0139e77,DAPO-Math-17k,17013,train,314,67
315,cf6fbaed0eff197de45a2a5369c8c47960be98bec283e7087305612d1c7efe78,2ec6b7661c2916d6e249b444aa7a11ec336a86e01ed2cd671819aa728b283298,DAPO-Math-17k,11138,train,315,66
316,46da8f9f85a8e3dd1c2b4c77c04c95f7498a76b0745aa2aef47c93bed98198d9,8e3450b7c17c3964cd16159a743798782fc8736bd7b9cbd269ddb2787af428d3,DAPO-Math-17k,10220,train,316,66
317,3fd7e1697071feb060e5ce12348f712e136986ea07e3606ef51083d0edd46a51,794391496f83ed51abfd37075cc346a7afb88cf99ed3c4d20933c6865aa8d70c,DAPO-Math-17k,4753,train,317,67
318,71ceb787ec3fefc8738bc93854e87d607beacb27dac4fb7fe557ac859b611d86,5b62a469aaa52949aa66d6c817cfecc9b773d7bb7a74789ea15bd86007a1d5b5,DAPO-Math-17k,3527,train,318,67
319,9148c097af98ce8190c770f71c4792b3be22c218c6c522c83d582ac3488a48a1,e7552db02bfbfa7e785a37247e16f9bb0dd1c4a8c122c58885b51757c23a103b,DAPO-Math-17k,16358,train,319,67
320,d15bc2e44b117bc0028041e002a7d54d9c0938aa79fee3f37c05077c105a26db,0367abe158c3e0592dbf80674d6ee8de4c8900700478199393d95826bf01434a,DAPO-Math-17k,16144,train,320,67
321,a1f6122a19dae41d5bd2c462ea7a895bc77f0b3513c95db7b118bbded4a9ee46,e2a9f5308d15e7661aa12bb786478637e7e1691979a1349ae74b46595dedafff,DAPO-Math-17k,14084,train,321,66
322,f0ac386a72bf695bd26d3b874844982f62b9f748e35d92bd9de5a46db4b5eeb9,97377170ea60d5e06bff0812636f94ddfc240ac8511bb2fcf93888b74ffbad3e,DAPO-Math-17k,16219,train,322,66
323,20bbd8fda8243d57a0fff636ed1b314cf82284df3503d51a527ef5a867752b33,fa48106c4d66e82866a313434f57aa37c224080f885579606f742673378cc226,DAPO-Math-17k,6394,train,323,66
324,5274ea5626939cd54cf4754bed5f22be4d7934e9301c8f9af34df8d3f96e9050,9244a746f19f15aebf94762fb2672a154b2c09079a858e4a5dd15d7e0029ea11,DAPO-Math-17k,965,train,324,67
325,20a2cd2737b139e2cb8401633644382899d7e681e842d52c6c6752a12d74803d,cd39a6783aec02746d9094f4df0c3d3031dda31afdf224f123521897c773ab17,DAPO-Math-17k,13865,train,325,67
326,52bee3f6ce613400df59e980cae36392b371a5cd6634d8c9f91f383a895113f7,3bdc98c4d7e5684ca9ac80bc761c215363d49db7deb3cf6c374b6f838720289c,DAPO-Math-17k,3705,train,326,66
327,68fde63ab64b043c2029b1b74d1d1781a1e4e102bd903d6dd6f391b6e51451d2,f751d51a9860be116a9e8f59a6d87e45b3c7c543785c245d47e5981a90f623e9,DAPO-Math-17k,4315,train,327,67
328,1f78467af0000aec5989b27c43c6ca1eb3df8876b123ac10c43a9e667355eaa8,5316add027e7f4ebf7a9f7a3240e63576e17f2dc9735707ab05880467edcebc7,DAPO-Math-17k,6802,train,328,67
329,98782d5cddd148554184510012198455aa0fd67045461f810388629dab05daa1,ae22ee28086570caf477b4a2523048f77e3833239c1faef965df354a7c21c7ef,DAPO-Math-17k,5247,train,329,67
330,04dc98e7af8bcdd85a1aa530d7d55a277572b9074d9727ccc4119bf8a855081d,55ec9c42622f3f07cef6d1fdb8c61ccad98b5756cb3392ee912bafd1bac9b06d,DAPO-Math-17k,10998,train,330,67
331,33498ded606a1726a6e0996bb80737635821784a414c44522ff283f637f0ddc2,c2638cba71b5ea6e4a2904c31f6dc86b320032af1bdc8e8af1f869f192d45ec2,DAPO-Math-17k,10366,train,331,66
332,e46b0b42d30149d527b39ac0bc575b88c776c265c770887e5e8ecc8e2fcc5994,595d6394b40713be5edebc05cf455bfcb0ef0a3b7ca5f9dae7e95832e269105c,DAPO-Math-17k,2557,train,332,67
333,8d1982f0dab5b389fddc23ef04b2f45e30f748e78dc9157cafa0dace8c08dab8,846ac9f5212e8532e3dc9f85ceada59a19cf74f6eae7a0ed365b26fdcc35ad79,DAPO-Math-17k,6937,train,333,67
334,ae98c801a896a27d6ec060e7559f403b27ae2aa51a72b263234bbd8e477040ea,9fcefab715fa3f2c7910e57dae5367563a8e63e81b028f38ac8a2b9f12d8c08f,DAPO-Math-17k,8533,train,334,66
335,aad64fe69ddf3f2f8e6c68ce0e2b8722ebb978f9edb5994ced2f70c15540c543,90d56e1c28627e8712c645b2058cd13e9acc5646a771c4e560070a2fa0006b60,DAPO-Math-17k,12336,train,335,66
336,e236390e602549e208391c645ff2caf7951cac35009ac318cedcf33018e73d81,f9af3030d89ed6238a584534b52c72bbb168b4ac3028dc581fd212687b2d47b9,DAPO-Math-17k,14097,train,336,67
337,e5ab5ac1d301621dcae85f00b9650bf1883c3c52f5336d0c6d2cbdf1af9eb14a,0385d2c13ec8f4c2704ccee7b562fdcc5690db0c548cea8fc30d3191385539ec,DAPO-Math-17k,16390,train,337,66
338,031203197bf89e56aee4a04abbdeb5a88abe617dba96c61d2e66aaf7cbdc82e4,6255ae9227a6163fdc399789ca8f015676a9b92b39a887bdb2baae260d3e8811,DAPO-Math-17k,17031,train,338,66
339,a1e1bb45508df9b89a8736b2b4a4d13fb20d6726305b7fcd332e209991f54de4,a3242b8facce067537948afdaf0f8eeb19af8cdd7a8db227b18977bc49e2e350,DAPO-Math-17k,4947,train,339,67
340,43ba63f093781aeb946104f5c43b1a77b67d13d6fae4c38bdfcc8eec9d732f50,8f6c9b96c12a0243057d5c14ba8e588da2f4cb1801167d147ff9e082fe47152c,DAPO-Math-17k,11699,train,340,66
341,cebc01c5b60b16284b0efaa98790f921d746016bac3221e422d8c4ec7c523e92,cbb3b4ea556afc58e31b7e6768242a2900c1c7e69bcfab56cc45122c4d99ed16,DAPO-Math-17k,3334,train,341,67
342,60c9cd5281e967261d427229de13447b4f4ab6545f68b6bfaf954b36fee42b28,3944da410a7072cf30adcb848198730ae3aceabe734e5248bdd675ff70e4e8e2,DAPO-Math-17k,9908,train,342,66
343,dcac73f5fe19ceb0a4c66f629b257fe8976f676e9aa0a82679a6c2e69eaeb67a,2857efba01bde1bad7b221244128a95838035a6e9ab482c3fd9e6e50643ed082,DAPO-Math-17k,15985,train,343,67
344,0021a510bed7e5ac13668e3a51b310fa41c5a1175cabbd361bd87da48b5007e4,a1b55d0c78e37eae8248c64f9d07c95c6d7ace7514804dbee4bb00dfde09a34f,DAPO-Math-17k,6234,train,344,66
345,618fa0f1117f5b3ac9c5b79ab5ad3e7ee89eff6729213a046f66676702edb0d5,201db7af897506efb95e152eed00f1a2d5a78a11e729a1750bbb91699cad605b,DAPO-Math-17k,4112,train,345,67
346,66ba0de0c645edadb2b350174e74f00dbd8ce1a913c7cabbee1ce5c944b0ddba,f9aa2e2c94b668cfe9df6d8212ec59b4e693a58c99ad92f687825b74bf7c12a5,DAPO-Math-17k,7721,train,346,66
347,77952415f07dc02a0ba801fa83297b7ba2b4350e1f5109cc62aa6efb98d61c33,764ba69274cd3e44c178c8fb60576ce173809a366cdd7db491477bb02cf5e703,DAPO-Math-17k,8609,train,347,66
348,fd2144a6ebd781c762bf882d28b076c1376e17a4e3e4e11c84992efa1e6f48ea,ba6bbbe8466545978e6e00f1be8545dd4461c20886dacf16b309c8598d494510,DAPO-Math-17k,14559,train,348,66
349,c946ba955a88d80f8402e5591eb0dce1e21471347d52f1a8a3e47481656e6923,a786502052eaa4bd8b899de2562532cdc3dd0cc4eb53184b89dee9b2ab2e5cb6,DAPO-Math-17k,11366,train,349,66
350,e5a989c4d534fe810ef69378e3c020d4844235ac0e0c12ebb629bb3409d7e071,55380a7e165f6abe369e202402d7e25b80feea3033d4c9fdeb61c0d70862de35,DAPO-Math-17k,16550,train,350,67
351,2c57bf10074fe7eef3234e8da7614404b0e4683cfe990e6310d8a5f3669a1eca,4c66e022291cb0a2ff0d8b86ed995616d20e45a4a3d79737dcec2a04b92a184b,DAPO-Math-17k,3996,train,351,67
352,83b7a0b7c4154a9924e78ac1fb7d0385c8f416e92f1afd2e2059489c56f0f27c,27cdeefb72223a4b6c420dcb368cf5d201c926520d502d84f5e5a19e23d818b7,DAPO-Math-17k,970,train,352,67
353,6b072f96838678e34084c023b2f80a75e2151eaef0461464b8dd4a9e783541d8,85cde8c52222cdfa25630d6cec4bad9983928ec44d7af566084db7090deaee59,DAPO-Math-17k,14775,train,353,67
354,f4e5d54e66f3e4254395db3c78d5007146229c700fb633425381f9cce71e21c4,96bc8e9f35a53059b18a5eafddb6051eeb40ba31429de89e2ed7175593485d6e,DAPO-Math-17k,13470,train,354,67
355,555dc284050b7e6f1c0c4280e3d863217ac825441b55e78f56199d1528fe899d,7a8694a2a3f36b08f0d554035aded04637ff840c3ea3dd845b4c88bbfdce5f64,DAPO-Math-17k,1478,train,355,67
356,6d3bc52a2444fb226499a9b0b84a256221574e133df8752a2cf34657c42160ba,4f513fe9d7025be381389d87ebfac6bcd071baac07399a04b5fa0f2eb1fb1b54,DAPO-Math-17k,12349,train,356,67
357,8ac68e177fa7dbb7f299ddc0ad53ee5be1c87b82b44bf1d051e27b225a79be3a,7cc68c9cd231ddafeb35f01eb167f03536fcdbfd60ca6aba753b77150cc337f8,DAPO-Math-17k,12991,train,357,67
358,22f5af81724f0bba2b156d188dab2f28c4f964710cc67e6ea94c80e4d669dc07,35dcbf87e421961c903c842dfe03afb14f34ca31d8f13f9f7f6ff6ef50f935a8,DAPO-Math-17k,5276,train,358,67
359,41302eaa67c2b1f57562c173219152f899d7940efe120dd69aa0720ece7dcb38,20b96c352fe425187eca38d78519b5c8552e6d20583a0b572952ca2a4f8e44cc,DAPO-Math-17k,14320,train,359,67
360,13d63736f665451e533f4424888ed23aec45582b820c445781a6afd501fd446c,3446fe5878aa558ef0e19b9bf595a3a73d4e3f846db3131024cd7448caec041b,DAPO-Math-17k,5652,train,360,67
361,9f5abb899f58b56a018f9817b473a76729002214354977add07459a2073ab713,6090a4b3e89ef71c992059b0e3fea68a3d36f5652346ddc3604a3003c69c9a7e,DAPO-Math-17k,16749,train,361,67
362,2d5e5d5d87466bc0fe8b8b60a16049e77f92c2c16a86b953730cd65643237e32,98fccf63f5f54c52ea2d16247d4882eeea55753d7fff157f2f84201d69f97f20,DAPO-Math-17k,5430,train,362,66
363,8205ea3ca9cffcb57e81821ea7501f4a981b7db71b26cbd337c2748ff62c6a0a,8fa6b46ac895c5bb5efe9df3cfdf13c6f00434212c054f2b98adde650cf4287b,DAPO-Math-17k,13971,train,363,66
364,1817a15ff1c1d814b74f3b49ab6f7ad7f16efdabbfe034b67b189dc2f4caab28,2e34dc8be4858e6ede88643e814e047e7ac70d8ba83a4a1c65c2f29d635e62cd,DAPO-Math-17k,10796,train,364,67
365,1b271ccfd5a15e975d4706995bb8aaf8610ac32db3bee1cae68c7f9c4eafe9c8,da5109472ee9e8d9c7143e5c45eb81eeb72246a0b57a7270b60e540375f515e0,DAPO-Math-17k,8136,train,365,67
366,93cf85f83a9e8060ba449de2971792fbb4f9377c218e00f74e44e830c20eeecd,892ffcc49d5bc5e05e61141d060a28c0e1d35107c5ccbe3e723a64033a377ec7,DAPO-Math-17k,16840,train,366,66
367,dda9e89c48aaa500c2c3fde5729a7f430b7624e0e3c1cd85bdbad9edf46f357d,a2cc3ebf96c8b02d7845de22722213000aed5662a36ecb82d99d907bd697d1eb,DAPO-Math-17k,1419,train,367,67
368,69f6517c8f05b4f78400e727218e4e1e2e1534ec83ecd36d5a246fb8ba99d398,3f611dc466cc5f7533825a162be01e502ceb77b6dc4e2c36bd95a95e2a944324,DAPO-Math-17k,216,train,368,67
369,3a6c6aaec1f8e3d63a55d4610efa44b7562cf21485c771c4edcbbae4381d395d,8144316a6212dec4941c35191e667eb0a14627d0dd73d3cf9b8960a15072f73c,DAPO-Math-17k,1041,train,369,67
370,fc7007dec281ce92b9b66c426c162cab7a5b9dda6cc8eabe37423675ba928366,5b79a09ecbec06bf2e71b6da5d433f405239bda850e25edc4f57fc1f433c5726,DAPO-Math-17k,5789,train,370,66
371,746467b63fe44718680a3e104713a45bd3c2d1b7e5266b2e42cba72c63851b85,a3b0146599607157c6e8de7b32e367322d3b35a05b430bece53f44b01fb36bd2,DAPO-Math-17k,11306,train,371,66
372,100d7fbae463eed585b63d296978e221a57d0b31fd1ca2badf1dfc0dcc75f91d,d16f0e2576fdc1c9076c1b1bedea77e64c7f19f703f5737791bfa1ade664389b,DAPO-Math-17k,1375,train,372,67
373,d684aa00539144c8ba62d67618045a4dd2d7706e4c609b9ce4aa5096aba32748,5b3b3e118e6cc9fe73ad72bae2452bc975f14ec81a411eb0d696129a483a325e,DAPO-Math-17k,247,train,373,67
374,cd810837519b49e25bc86f1b199537e2df63de1cf45509321b6b40f7563b5410,20038d2e3f671ec29bfe8faae39bc4140ed5b032d5c10db3670d16fae8973916,DAPO-Math-17k,8501,train,374,66
375,f7375d4cdea11e4ff90a52ea6d6b986f297c0f9ce46d0dbe5f91829b15d10428,e32b37c09f931a80ff60307576d27e76154237eaa4bfd1af2c3eed14147c527a,DAPO-Math-17k,11320,train,375,67
376,79f66eb9164f77424af489fb378f8837ea3b6e28832439f2c4b9f87dfa1ea900,a479e9033d1475aca4a27d3746c3dfac051968a7ea06e98b9a87aceecb709ffc,DAPO-Math-17k,5107,train,376,67
377,ca613643b65a0f989b6e315602ff034a360b62b513e77f67b468a6493fd3fd35,7d1ad54c93f08f8758830c708d471baf5d094bedcd0fd3ad7ebb8de3267cc9b8,DAPO-Math-17k,3081,train,377,67
378,a8a8eb4b10acf75a7116a37f62e58a710ce429e4ca46aeb8a435dcf3bd3de2e0,3ef2af4e77f67cdd61a7f3b86536d35ddf45db72c0211634930fb8c431a63f6d,DAPO-Math-17k,6483,train,378,67
379,174c03649b444d4202c1001ec6c6ffcf3fe0cc77ba4e3950f793ca4c0c32c977,4ca02935793745932e42c8e65383c32022ad24ad9490dc72d8c03840272d74b4,DAPO-Math-17k,1176,train,379,67
380,32c1a34a8fcfe2754ee3d654d1b7fa62d09bce91147aafed27d1031ec8944fec,2e844599f4eb5c9071042323c3ed33e3814d3cb5886d2084009b15314d16efa7,DAPO-Math-17k,14553,train,380,67
381,1ec0b69a01237aaf14ba943fc14cb996cf18aa7fb9b92c2c89d31436bc35d7b6,d55fc6488c2dc4b6c70c499f871d6bedbea7ff12ce030bf570baa7bdf48c0d82,DAPO-Math-17k,5037,train,381,67
382,6b44b3dde5d5e0dedb573809916a4a94c9ca01b8bd8c9c1aa2668f1b0e91f946,b7114ccf6501d0685f1b872744d50bd00d90880c90d551a2d7b284f3c7f68265,DAPO-Math-17k,12990,train,382,67
383,a6f7cf11ab047500f04479915581f82bbac3f05155893b078875271efac39a38,f0f5b2fe2361694b1b9f132db976817266a803cfbe8102ed4f8d536b8cfe5c18,DAPO-Math-17k,3928,train,383,67
