point_id,label,family,initial,teacher,endpoint,parameter_cosine,functional_cosine,functional_minus_parameter,parameter_source,functional_source,parameter_checkpoint,functional_checkpoint,functional_forward,cohort
math/opd_s25,Math OPD-s25,Qwen3-4B / Math GRPO-500,stock Qwen3-4B,Math GRPO-500,opd_s25,0.09307636933053852,0.7659147608381168,0.6728383915075783,/path/to/opd-code/results/analysis/rl_opd_parameter_geometry_v2.json,/path/to/opd-code/results/analysis/qwen3_4b_functional_geometry_v3/collinearity.json,published merged-HF weights,same published merged-HF weights,float32 SDPA,"Qwen v2: 128 Initial-generated trajectories / 73,823 positions"
math/opd_s50,Math OPD-s50,Qwen3-4B / Math GRPO-500,stock Qwen3-4B,Math GRPO-500,opd_s50,0.09167165045811188,0.8501119964687186,0.7584403460106067,/path/to/opd-code/results/analysis/rl_opd_parameter_geometry_v2.json,/path/to/opd-code/results/analysis/qwen3_4b_functional_geometry_v3/collinearity.json,published merged-HF weights,same published merged-HF weights,float32 SDPA,"Qwen v2: 128 Initial-generated trajectories / 73,823 positions"
math/short,Math M1-short,Qwen3-4B / Math GRPO-500,stock Qwen3-4B,Math GRPO-500,short,0.07051004705942099,0.7592246788382145,0.6887146317787936,/path/to/opd-code/results/analysis/parameter_function_scatter_math_m1_same_hf_v1.json,/path/to/opd-code/results/analysis/qwen3_4b_functional_geometry_v3/collinearity.json,published merged-HF weights,same published merged-HF weights,float32 SDPA,"Qwen v2: 128 Initial-generated trajectories / 73,823 positions"
math/long,Math M1-long,Qwen3-4B / Math GRPO-500,stock Qwen3-4B,Math GRPO-500,long,0.07195244761357197,0.7549012222348777,0.6829487746213057,/path/to/opd-code/results/analysis/parameter_function_scatter_math_m1_same_hf_v1.json,/path/to/opd-code/results/analysis/qwen3_4b_functional_geometry_v3/collinearity.json,published merged-HF weights,same published merged-HF weights,float32 SDPA,"Qwen v2: 128 Initial-generated trajectories / 73,823 positions"
math/science,Math M1-science,Qwen3-4B / Math GRPO-500,stock Qwen3-4B,Math GRPO-500,science,0.02659012384229681,0.7819996191943918,0.7554094953520949,/path/to/opd-code/results/analysis/parameter_function_scatter_math_m1_same_hf_v1.json,/path/to/opd-code/results/analysis/qwen3_4b_functional_geometry_v3/collinearity.json,published merged-HF weights,same published merged-HF weights,float32 SDPA,"Qwen v2: 128 Initial-generated trajectories / 73,823 positions"
math/code,Math M1-code,Qwen3-4B / Math GRPO-500,stock Qwen3-4B,Math GRPO-500,code,0.009630203332931828,0.8522607124295193,0.8426305090965874,/path/to/opd-code/results/analysis/parameter_function_scatter_math_m1_same_hf_v1.json,/path/to/opd-code/results/analysis/qwen3_4b_functional_geometry_v3/collinearity.json,published merged-HF weights,same published merged-HF weights,float32 SDPA,"Qwen v2: 128 Initial-generated trajectories / 73,823 positions"
math/m48,Math M48,Qwen3-4B / Math GRPO-500,stock Qwen3-4B,Math GRPO-500,m48,0.09289843383045715,0.7818035507103417,0.6889051168798845,/path/to/opd-code/results/analysis/parameter_function_scatter_math_m1_same_hf_v1.json,/path/to/opd-code/results/analysis/qwen3_4b_functional_geometry_v3/collinearity.json,published merged-HF weights,same published merged-HF weights,float32 SDPA,"Qwen v2: 128 Initial-generated trajectories / 73,823 positions"
code/aprime_s25,Code A′-s25,Qwen3-4B / Code GRPO-300,stock Qwen3-4B,Code GRPO-300,aprime_s25,0.026435372239171792,0.5786665297455783,0.5522311575064065,/path/to/opd-code/results/analysis/parameter_function_scatter_code_a_same_hf_v1.json,/path/to/opd-code/results/analysis/qwen3_4b_code_aprime_trajectory_geometry_v1/collinearity_teacher.json,published merged-HF weights,same published merged-HF weights,float32 SDPA,"Qwen v2: 128 Initial-generated trajectories / 73,823 positions"
code/aprime_s50,Code A′-s50,Qwen3-4B / Code GRPO-300,stock Qwen3-4B,Code GRPO-300,aprime_s50,0.020906086750628605,0.4396977905471452,0.4187917037965166,/path/to/opd-code/results/analysis/parameter_function_scatter_code_a_same_hf_v1.json,/path/to/opd-code/results/analysis/qwen3_4b_code_aprime_trajectory_geometry_v1/collinearity_teacher.json,published merged-HF weights,same published merged-HF weights,float32 SDPA,"Qwen v2: 128 Initial-generated trajectories / 73,823 positions"
code/aprime_s75,Code A′-s75,Qwen3-4B / Code GRPO-300,stock Qwen3-4B,Code GRPO-300,aprime_s75,0.01855483902103573,0.39918830630707514,0.3806334672860394,/path/to/opd-code/results/analysis/parameter_function_scatter_code_a_same_hf_v1.json,/path/to/opd-code/results/analysis/qwen3_4b_code_aprime_trajectory_geometry_v1/collinearity_teacher.json,published merged-HF weights,same published merged-HF weights,float32 SDPA,"Qwen v2: 128 Initial-generated trajectories / 73,823 positions"
code/aprime_s100,Code A′-s100,Qwen3-4B / Code GRPO-300,stock Qwen3-4B,Code GRPO-300,aprime_s100,0.017759828874856515,0.3712879357040381,0.3535281068291816,/path/to/opd-code/results/analysis/parameter_function_scatter_code_a_same_hf_v1.json,/path/to/opd-code/results/analysis/qwen3_4b_code_aprime_trajectory_geometry_v1/collinearity_teacher.json,published merged-HF weights,same published merged-HF weights,float32 SDPA,"Qwen v2: 128 Initial-generated trajectories / 73,823 positions"
code/recovery,Code recovery,Qwen3-4B / Code GRPO-300,stock Qwen3-4B,Code GRPO-300,recovery_m48_s100,0.028543953324278747,0.8661063225439761,0.8375623692196974,/path/to/opd-code/results/analysis/parameter_function_scatter_code_a_same_hf_v1.json,/path/to/opd-code/results/analysis/qwen3_4b_code_aprime_to_m48_recovery_v1/collinearity_teacher.json,published merged-HF weights,same published merged-HF weights,float32 SDPA,"Qwen v2: 128 Initial-generated trajectories / 73,823 positions"
code/m2ab,Code M2 A′+187,Qwen3-4B / Code GRPO-300,stock Qwen3-4B,Code GRPO-300,m2ab_s100,0.04836723552619345,0.7933530668907378,0.7449858313645443,/path/to/opd-code/results/analysis/parameter_function_scatter_code_b_same_hf_v1.json,/path/to/opd-code/results/analysis/qwen3_4b_code_aprime_trajectory_geometry_v1/collinearity_teacher.json,published merged-HF weights,same published merged-HF weights,float32 SDPA,"Qwen v2: 128 Initial-generated trajectories / 73,823 positions"
code/clean187,Code clean187,Qwen3-4B / Code GRPO-300,stock Qwen3-4B,Code GRPO-300,clean187_s100,0.05164284087376367,0.8033000446562899,0.7516572037825262,/path/to/opd-code/results/analysis/parameter_function_scatter_code_b_same_hf_v1.json,/path/to/opd-code/results/analysis/qwen3_4b_code_aprime_trajectory_geometry_v1/collinearity_teacher.json,published merged-HF weights,same published merged-HF weights,float32 SDPA,"Qwen v2: 128 Initial-generated trajectories / 73,823 positions"
code/entropyc,Code entropy-C,Qwen3-4B / Code GRPO-300,stock Qwen3-4B,Code GRPO-300,entropyc_s100,0.06368849877788468,0.8841833080590634,0.8204948092811788,/path/to/opd-code/results/analysis/parameter_function_scatter_code_b_same_hf_v1.json,/path/to/opd-code/results/analysis/qwen3_4b_code_aprime_trajectory_geometry_v1/collinearity_teacher.json,published merged-HF weights,same published merged-HF weights,float32 SDPA,"Qwen v2: 128 Initial-generated trajectories / 73,823 positions"
code/m48,Code M48,Qwen3-4B / Code GRPO-300,stock Qwen3-4B,Code GRPO-300,m48_s100,0.07104135786637435,0.9144314544417855,0.8433900965754112,/path/to/opd-code/results/analysis/parameter_function_scatter_code_b_same_hf_v1.json,/path/to/opd-code/results/analysis/qwen3_4b_code_aprime_trajectory_geometry_v1/collinearity_teacher.json,published merged-HF weights,same published merged-HF weights,float32 SDPA,"Qwen v2: 128 Initial-generated trajectories / 73,823 positions"
code/full,Code FULL,Qwen3-4B / Code GRPO-300,stock Qwen3-4B,Code GRPO-300,full_s100,0.06922234089334921,0.9327194973150815,0.8634971564217323,/path/to/opd-code/results/analysis/parameter_function_scatter_code_b_same_hf_v1.json,/path/to/opd-code/results/analysis/qwen3_4b_code_aprime_trajectory_geometry_v1/collinearity_teacher.json,published merged-HF weights,same published merged-HF weights,float32 SDPA,"Qwen v2: 128 Initial-generated trajectories / 73,823 positions"
code/m2oldnew,Code M2 old+new,Qwen3-4B / Code GRPO-300,stock Qwen3-4B,Code GRPO-300,m2oldnew_s100,0.048101943870448166,0.7942679090850714,0.7461659652146232,/path/to/opd-code/results/analysis/parameter_function_scatter_code_b_same_hf_v1.json,/path/to/opd-code/results/analysis/qwen3_4b_code_aprime_trajectory_geometry_v1/collinearity_teacher.json,published merged-HF weights,same published merged-HF weights,float32 SDPA,"Qwen v2: 128 Initial-generated trajectories / 73,823 positions"
justrl/deepmath_m1,JustRL DeepMath-M1,DeepSeek-1.5B / JustRL,DeepSeek-R1-Distill-Qwen-1.5B,JustRL-1.5B,deepmath_m1,0.046551752828255646,0.8833902868065975,0.8368385339783418,/path/to/opd-code/results/analysis/parameter_function_scatter_justrl_extended_same_hf_v1.json,/path/to/opd-code/results/analysis/deepseek_precision_audit_v1/collinearity.json,published merged-HF weights,same published merged-HF weights,float32 SDPA,"DeepSeek Initial probe: 128 trajectories / 130,882 positions"
justrl/deepmath_m8,JustRL DeepMath-M8,DeepSeek-1.5B / JustRL,DeepSeek-R1-Distill-Qwen-1.5B,JustRL-1.5B,deepmath_m8,0.062249957267077334,0.9452374644464981,0.8829875071794208,/path/to/opd-code/results/analysis/parameter_function_scatter_justrl_extended_same_hf_v1.json,/path/to/opd-code/results/analysis/deepseek_precision_audit_v1/collinearity.json,published merged-HF weights,same published merged-HF weights,float32 SDPA,"DeepSeek Initial probe: 128 trajectories / 130,882 positions"
justrl/deepmath_m3840,JustRL DeepMath-M3840,DeepSeek-1.5B / JustRL,DeepSeek-R1-Distill-Qwen-1.5B,JustRL-1.5B,deepmath_m3840,0.08785231538282426,0.9722920972008537,0.8844397818180295,/path/to/opd-code/results/analysis/parameter_function_scatter_justrl_extended_same_hf_v1.json,/path/to/opd-code/results/analysis/deepseek_precision_audit_v1/collinearity.json,published merged-HF weights,same published merged-HF weights,float32 SDPA,"DeepSeek Initial probe: 128 trajectories / 130,882 positions"
justrl/dapo_m1,JustRL DAPO-M1,DeepSeek-1.5B / JustRL,DeepSeek-R1-Distill-Qwen-1.5B,JustRL-1.5B,dapo_m1,0.0439418965313479,0.903982814994437,0.860040918463089,/path/to/opd-code/results/analysis/parameter_function_scatter_justrl_extended_same_hf_v1.json,/path/to/opd-code/results/analysis/deepseek_precision_audit_v1/collinearity.json,published merged-HF weights,same published merged-HF weights,float32 SDPA,"DeepSeek Initial probe: 128 trajectories / 130,882 positions"
justrl/dapo_m2,JustRL DAPO-M2,DeepSeek-1.5B / JustRL,DeepSeek-R1-Distill-Qwen-1.5B,JustRL-1.5B,dapo_m2,0.06912684163831458,0.9441887877587751,0.8750619461204605,/path/to/opd-code/results/analysis/parameter_function_scatter_justrl_extended_same_hf_v1.json,/path/to/opd-code/results/analysis/deepseek_precision_audit_v1/collinearity.json,published merged-HF weights,same published merged-HF weights,float32 SDPA,"DeepSeek Initial probe: 128 trajectories / 130,882 positions"
justrl/dapo_m4,JustRL DAPO-M4,DeepSeek-1.5B / JustRL,DeepSeek-R1-Distill-Qwen-1.5B,JustRL-1.5B,dapo_m4,0.07345382344224252,0.9571390891489417,0.8836852657066993,/path/to/opd-code/results/analysis/parameter_function_scatter_justrl_extended_same_hf_v1.json,/path/to/opd-code/results/analysis/deepseek_precision_audit_v1/collinearity.json,published merged-HF weights,same published merged-HF weights,float32 SDPA,"DeepSeek Initial probe: 128 trajectories / 130,882 positions"
justrl/dapo_m8,JustRL DAPO-M8,DeepSeek-1.5B / JustRL,DeepSeek-R1-Distill-Qwen-1.5B,JustRL-1.5B,dapo_m8,0.0768654465077335,0.9628710863684969,0.8860056398607634,/path/to/opd-code/results/analysis/parameter_function_scatter_justrl_extended_same_hf_v1.json,/path/to/opd-code/results/analysis/deepseek_precision_audit_v1/collinearity.json,published merged-HF weights,same published merged-HF weights,float32 SDPA,"DeepSeek Initial probe: 128 trajectories / 130,882 positions"
justrl/dapo_m384,JustRL DAPO-M384,DeepSeek-1.5B / JustRL,DeepSeek-R1-Distill-Qwen-1.5B,JustRL-1.5B,dapo_m384,0.09062845183274676,0.9740880719174695,0.8834596200847227,/path/to/opd-code/results/analysis/parameter_function_scatter_justrl_extended_same_hf_v1.json,/path/to/opd-code/results/analysis/deepseek_precision_audit_v1/collinearity.json,published merged-HF weights,same published merged-HF weights,float32 SDPA,"DeepSeek Initial probe: 128 trajectories / 130,882 positions"
justrl/dapo_full_s50,JustRL DAPO-full-s50,DeepSeek-1.5B / JustRL,DeepSeek-R1-Distill-Qwen-1.5B,JustRL-1.5B,dapo_full_s50,0.08098915690289876,0.9640730860797874,0.8830839291768886,/path/to/opd-code/results/analysis/parameter_function_scatter_justrl_extended_same_hf_v1.json,/path/to/opd-code/results/analysis/deepseek_precision_audit_v1/collinearity.json,published merged-HF weights,same published merged-HF weights,float32 SDPA,"DeepSeek Initial probe: 128 trajectories / 130,882 positions"
nemotron/math,Nemo Math48,DeepSeek-1.5B / Nemotron,DeepSeek-R1-Distill-Qwen-1.5B,Nemotron-Reasoning-Qwen-1.5B,deepmath,0.1344143708223674,0.9225344185422726,0.7881200477199052,/path/to/opd-code/results/analysis/parameter_function_scatter_nemotron_same_hf_v1.json,/path/to/opd-code/results/analysis/source_domain_functional_recovery_v1/nemotron/initial_probe/collinearity.json,published merged-HF weights,same published merged-HF weights,float32 SDPA,"Nemotron Initial probe: 128 trajectories / 130,663 positions"
nemotron/science,Nemo Science48,DeepSeek-1.5B / Nemotron,DeepSeek-R1-Distill-Qwen-1.5B,Nemotron-Reasoning-Qwen-1.5B,science,0.1410414683027961,0.9247816300266948,0.7837401617238987,/path/to/opd-code/results/analysis/parameter_function_scatter_nemotron_same_hf_v1.json,/path/to/opd-code/results/analysis/source_domain_functional_recovery_v1/nemotron/initial_probe/collinearity.json,published merged-HF weights,same published merged-HF weights,float32 SDPA,"Nemotron Initial probe: 128 trajectories / 130,663 positions"
nemotron/code,Nemo Code48,DeepSeek-1.5B / Nemotron,DeepSeek-R1-Distill-Qwen-1.5B,Nemotron-Reasoning-Qwen-1.5B,code,0.16708981588134936,0.9624300764515681,0.7953402605702187,/path/to/opd-code/results/analysis/parameter_function_scatter_nemotron_same_hf_v1.json,/path/to/opd-code/results/analysis/source_domain_functional_recovery_v1/nemotron/initial_probe/collinearity.json,published merged-HF weights,same published merged-HF weights,float32 SDPA,"Nemotron Initial probe: 128 trajectories / 130,663 positions"
nemotron/mix,Nemo Mix48,DeepSeek-1.5B / Nemotron,DeepSeek-R1-Distill-Qwen-1.5B,Nemotron-Reasoning-Qwen-1.5B,mix,0.1807783992465478,0.9774797312801979,0.7967013320336501,/path/to/opd-code/results/analysis/parameter_function_scatter_nemotron_same_hf_v1.json,/path/to/opd-code/results/analysis/source_domain_functional_recovery_v1/nemotron/initial_probe/collinearity.json,published merged-HF weights,same published merged-HF weights,float32 SDPA,"Nemotron Initial probe: 128 trajectories / 130,663 positions"
mixrl/deepmath,MixT Math48,Qwen3-4B-Instruct / Mix teacher,Qwen3-4B-Instruct-2507,Mix-RL Qwen3-4B,deepmath,0.05531605354257395,0.6736474801610899,0.6183314266185159,/path/to/opd-code/results/analysis/parameter_function_scatter_mix_teacher_same_hf_v1.json,/path/to/opd-code/results/analysis/source_domain_functional_recovery_v1/mixrl/initial_probe/collinearity_extended.json,published merged-HF weights,same published merged-HF weights,float32 SDPA,"Mix Initial probe: 128 trajectories / 95,216 positions"
mixrl/science,MixT Science48,Qwen3-4B-Instruct / Mix teacher,Qwen3-4B-Instruct-2507,Mix-RL Qwen3-4B,science,0.047505764181732385,0.4674159569994011,0.4199101928176687,/path/to/opd-code/results/analysis/parameter_function_scatter_mix_teacher_same_hf_v1.json,/path/to/opd-code/results/analysis/source_domain_functional_recovery_v1/mixrl/initial_probe/collinearity_extended.json,published merged-HF weights,same published merged-HF weights,float32 SDPA,"Mix Initial probe: 128 trajectories / 95,216 positions"
mixrl/code,MixT Code48,Qwen3-4B-Instruct / Mix teacher,Qwen3-4B-Instruct-2507,Mix-RL Qwen3-4B,code,0.05359614175120559,0.2414261924303179,0.18783005067911232,/path/to/opd-code/results/analysis/parameter_function_scatter_mix_teacher_same_hf_v1.json,/path/to/opd-code/results/analysis/source_domain_functional_recovery_v1/mixrl/initial_probe/collinearity_extended.json,published merged-HF weights,same published merged-HF weights,float32 SDPA,"Mix Initial probe: 128 trajectories / 95,216 positions"
mixrl/mix,MixT Mix48,Qwen3-4B-Instruct / Mix teacher,Qwen3-4B-Instruct-2507,Mix-RL Qwen3-4B,mix,0.05254261869502451,0.3930678171746332,0.34052519847960866,/path/to/opd-code/results/analysis/parameter_function_scatter_mix_teacher_same_hf_v1.json,/path/to/opd-code/results/analysis/source_domain_functional_recovery_v1/mixrl/initial_probe/collinearity_extended.json,published merged-HF weights,same published merged-HF weights,float32 SDPA,"Mix Initial probe: 128 trajectories / 95,216 positions"
mixrl/if,MixT IF48,Qwen3-4B-Instruct / Mix teacher,Qwen3-4B-Instruct-2507,Mix-RL Qwen3-4B,if,0.016276165556568415,0.05980186006285779,0.043525694506289375,/path/to/opd-code/results/analysis/parameter_function_scatter_mix_teacher_same_hf_v1.json,/path/to/opd-code/results/analysis/source_domain_functional_recovery_v1/mixrl/initial_probe/collinearity_extended.json,published merged-HF weights,same published merged-HF weights,float32 SDPA,"Mix Initial probe: 128 trajectories / 95,216 positions"
mixrl/agent,MixT Agent48,Qwen3-4B-Instruct / Mix teacher,Qwen3-4B-Instruct-2507,Mix-RL Qwen3-4B,agent,0.02395278186269411,0.17779095154223784,0.15383816967954372,/path/to/opd-code/results/analysis/parameter_function_scatter_mix_teacher_same_hf_v1.json,/path/to/opd-code/results/analysis/source_domain_functional_recovery_v1/mixrl/initial_probe/collinearity_extended.json,published merged-HF weights,same published merged-HF weights,float32 SDPA,"Mix Initial probe: 128 trajectories / 95,216 positions"
mixrl/mix5,MixT Mix5,Qwen3-4B-Instruct / Mix teacher,Qwen3-4B-Instruct-2507,Mix-RL Qwen3-4B,mix5domain,0.05735046307938351,0.4956934266560265,0.438342963576643,/path/to/opd-code/results/analysis/parameter_function_scatter_mix_teacher_same_hf_v1.json,/path/to/opd-code/results/analysis/source_domain_functional_recovery_v1/mixrl/initial_probe/collinearity_extended.json,published merged-HF weights,same published merged-HF weights,float32 SDPA,"Mix Initial probe: 128 trajectories / 95,216 positions"
deepscaler/deepmath,DeepScaler DeepMath-M8,DeepSeek-1.5B / DeepScaler,DeepSeek-R1-Distill-Qwen-1.5B,DeepScaler-1.5B-Preview,deepmath_m8,0.1310241771019829,0.960400404816096,0.8293762277141131,/path/to/opd-code/results/analysis/parameter_function_scatter_deepscaler_same_hf_v1.json,/path/to/opd-code/results/analysis/deepscaler_1p5b_functional_geometry_v1/collinearity.json,published merged-HF weights,same published merged-HF weights,float32 SDPA,"DeepSeek Initial probe: 128 trajectories / 130,882 positions"
deepscaler/dapo,DeepScaler DAPO-M8,DeepSeek-1.5B / DeepScaler,DeepSeek-R1-Distill-Qwen-1.5B,DeepScaler-1.5B-Preview,dapo_m8,0.1344874844639195,0.9631227548275304,0.8286352703636108,/path/to/opd-code/results/analysis/parameter_function_scatter_deepscaler_same_hf_v1.json,/path/to/opd-code/results/analysis/deepscaler_1p5b_functional_geometry_v1/collinearity.json,published merged-HF weights,same published merged-HF weights,float32 SDPA,"DeepSeek Initial probe: 128 trajectories / 130,882 positions"
light/dapo,Light DAPO-M8,DeepSeek-7B / Light-R1,DeepSeek-R1-Distill-Qwen-7B,Light-R1-7B-DS,dapo_m8,0.07907386528199258,0.8589982598180292,0.7799243945360367,/path/to/opd-code/results/analysis/parameter_function_scatter_light_r1_7b_same_hf_v1.json,/path/to/opd-code/results/analysis/light_r1_7b_functional_geometry_v1/collinearity.json,published merged-HF weights,same published merged-HF weights,float32 SDPA,"Light 7B Initial probe: 128 trajectories / 130,414 positions"
light/deepmath,Light DeepMath-M8,DeepSeek-7B / Light-R1,DeepSeek-R1-Distill-Qwen-7B,Light-R1-7B-DS,deepmath_m8,0.07563580016525946,0.8611733399424473,0.7855375397771878,/path/to/opd-code/results/analysis/parameter_function_scatter_light_r1_7b_same_hf_v1.json,/path/to/opd-code/results/analysis/light_r1_7b_functional_geometry_v1/collinearity.json,published merged-HF weights,same published merged-HF weights,float32 SDPA,"Light 7B Initial probe: 128 trajectories / 130,414 positions"
light/stage2,Light stage2,DeepSeek-7B / Light-R1,DeepSeek-R1-Distill-Qwen-7B,Light-R1-7B-DS,light_stage2,0.13862971911977653,0.8953028980285754,0.7566731789087989,/path/to/opd-code/results/analysis/parameter_function_scatter_light_r1_7b_same_hf_v1.json,/path/to/opd-code/results/analysis/light_r1_7b_functional_geometry_v1/collinearity.json,published merged-HF weights,same published merged-HF weights,float32 SDPA,"Light 7B Initial probe: 128 trajectories / 130,414 positions"
